study,cohort,index,w0_ba,w05_ba,w03_ba,w07_ba,E_mean_ba,E_vote_ba,w0_f1,w05_f1,w03_f1,w07_f1,E_mean_f1,E_vote_f1
seed,PD-252,0,0.7409855199328883,0.7465705584126636,0.7495696100959258,0.7409171317066054,0.7465705584126636,0.743867855709961,0.7363088996236555,0.756381020034478,0.7556057159575822,0.7631425312535223,0.756381020034478,0.7521458388323227
seed,PD-252,1,0.7497346536820221,0.7410110515373672,0.7497118576065944,0.7382855527592371,0.7383083488346646,0.7383083488346646,0.7449862086284519,0.754544988277611,0.7560045154080243,0.7604554730677966,0.7497549674875902,0.7497549674875902
seed,PD-252,2,0.7567148119779699,0.7436426304847357,0.7676569281832439,0.7329512711091659,0.7492732611153665,0.7569655688076742,0.7532589946800472,0.7586357016255201,0.7749493947622732,0.7508008883008883,0.7616873901289165,0.7689503482311701
seed,PD-252,3,0.7362694678484153,0.7305449173870227,0.7468669073932231,0.7389265784002625,0.72784221468432,0.72784221468432,0.7360435996583824,0.7416571638136488,0.75127175853438,0.759600784673801,0.737458463962775,0.737458463962775
seed,PD-252,4,0.7359959149432834,0.757239121712806,0.7625961994383047,0.7466188860925703,0.7679304810883758,0.7679304810883758,0.7310838751954135,0.7731347876275413,0.7708497178673819,0.7676269059897752,0.7793240261677772,0.7793240261677772
seed,PD-252,5,0.7173988766094029,0.7279133384396542,0.7336150928256192,0.7119360250939197,0.7175894517999781,0.7175894517999781,0.7173701383846312,0.7369306914234451,0.740955022440071,0.7308436787542478,0.7264043557154912,0.7264043557154912
seed,PD-252,6,0.7149925228872598,0.72784221468432,0.7391034759455811,0.7305221213115949,0.7341138709559762,0.7341138709559762,0.7097546983880536,0.736622244354867,0.7450804317338898,0.7504897094775143,0.7414526874385917,0.7414526874385917
seed,PD-252,7,0.7070977860451546,0.7485611117190065,0.7354150709413869,0.759300798774483,0.748857460699566,0.7514890396469344,0.7000735375735376,0.7608045778120601,0.7355720984984371,0.7780725969017108,0.7563323847739112,0.7601279769087987
seed,PD-252,8,0.7197569026516394,0.7464994346573295,0.7518565123828281,0.7385107779844622,0.7522011890432944,0.7548327679906628,0.7185913097084293,0.7563434672025799,0.754136021872864,0.7538331186097211,0.7591038646998195,0.7634378221230218
seed,PD-252,9,0.7104898420687895,0.722852609694715,0.7158241237188606,0.7228298136192872,0.7124575992997046,0.709754896597002,0.7116503797111026,0.733420591753925,0.7190881754312028,0.742860208177127,0.7234999568332902,0.7193012569824164
seed,PD-252,10,0.7409855199328883,0.7409399277820331,0.7572619177882336,0.7382855527592371,0.743867855709961,0.743867855709961,0.7351818119564066,0.7531455899089838,0.762070418210769,0.7591562397672309,0.7520470626112759,0.7520470626112759
seed,PD-252,11,0.7362694678484152,0.7333187438450597,0.7522723127986286,0.720542911332385,0.7499854105117263,0.7499854105117263,0.7354187270853938,0.7482122790341466,0.7603384728312264,0.7480266007705032,0.7629361352549757,0.7629361352549757
seed,PD-252,12,0.7331281686544845,0.7224851369588212,0.715089178247073,0.7118649013385856,0.7197824342561183,0.7197824342561183,0.7386075358031832,0.7373557985471895,0.7277072892803056,0.7301191470781283,0.7329617273722964,0.7329617273722964
seed,PD-252,13,0.7249489367910422,0.7277710909289856,0.7303543421964476,0.7301774446511289,0.7383913265492212,0.7383913265492212,0.7261293054771316,0.7382925185251412,0.7336780630258891,0.745582666530155,0.7457603233742136,0.7457603233742136
seed,PD-252,14,0.738698617645986,0.7598707006601744,0.7651566546303388,0.7201982346719189,0.7545364190101033,0.7518337163074006,0.7353008300376722,0.7773297879723986,0.7749069301980069,0.7409038800705467,0.768570431386955,0.7641763602120619
seed,PD-252,15,0.7275914578546157,0.7486322354743408,0.7435231790494948,0.7245468140204981,0.7569655688076742,0.7542628661049714,0.7260133353521961,0.7611522437489711,0.7478825922370269,0.7424032046152564,0.7687817450493585,0.7644477876261562
seed,PD-252,16,0.7438906517853886,0.7415098296677243,0.7494984863405916,0.733295947769632,0.7415098296677243,0.7361755480176532,0.743053391053391,0.7534842934842936,0.755907689204332,0.7560864661654134,0.7534842934842936,0.7458171314946261
seed,PD-252,17,0.7331509647299121,0.7361755480176533,0.736543020753547,0.7406435788014736,0.7335439690702849,0.7308412663675822,0.7297180915672499,0.7462940003513643,0.742087803317399,0.7580585635513172,0.742659522556182,0.7384919498954586
seed,PD-252,18,0.7146961739067003,0.7215705584126637,0.7301291169712222,0.7196283327862274,0.7325354706933654,0.7244984863405916,0.7144847094658907,0.7317966587894125,0.736084227977555,0.7390705467372134,0.7442966587894124,0.7321677333211914
seed,PD-252,19,0.7439617755407228,0.7526169894590946,0.7576065944486997,0.754311193784878,0.7576065944486997,0.7576065944486997,0.7426122123490544,0.7648145387180475,0.7673310808414986,0.7756335598297623,0.7673310808414986,0.7673310808414986
seed,PD-252,20,0.720611299558668,0.7382372250793303,0.7442353284458548,0.7362949994528942,0.7412362767625926,0.7468669073932233,0.715974839263777,0.7489628556180566,0.7473516350028139,0.7558347073304879,0.7481584758654145,0.7507836157903257
seed,PD-252,21,0.7334245176350439,0.7595260239997083,0.7494273625852573,0.7509674654411497,0.7548327679906628,0.7574643469380311,0.7325960841277827,0.7722296712473353,0.7565350117718538,0.7698221448221447,0.7648429353097701,0.7691768927329725
seed,PD-252,22,0.7356284422073897,0.7332476200897254,0.7386046978152241,0.7174955319692162,0.7305449173870227,0.7305449173870227,0.7353494630161297,0.7473283923109643,0.7438425478278137,0.7382989491950257,0.742994434887762,0.742994434887762
seed,PD-252,23,0.7261480103585367,0.7392940511361565,0.7318980924244082,0.7313053944632892,0.7289701644964803,0.7262674617937777,0.7292901064518172,0.7581216247520596,0.7438793110722937,0.7555529952154425,0.7459162710611986,0.7415823136379963
partition,UCI-489,0,0.8625,0.8625,0.8625,0.8625,0.8625,0.8625,0.862156862745098,0.862156862745098,0.862156862745098,0.8617600373482727,0.862156862745098,0.862156862745098
partition,UCI-489,1,0.8375,0.875,0.8375,0.8625,0.8625,0.8625,0.8366619981325863,0.8746078431372549,0.8366619981325863,0.862156862745098,0.862156862745098,0.862156862745098
partition,UCI-489,2,0.8625,0.8625,0.8625,0.875,0.8625,0.8625,0.8619561157796453,0.8619561157796453,0.8619561157796453,0.8743090569561158,0.8619561157796453,0.8619561157796453
partition,UCI-489,3,0.8375,0.85,0.85,0.8625,0.85,0.85,0.8361624649859944,0.8488095238095237,0.8488095238095237,0.8619561157796453,0.8488095238095237,0.8488095238095237
partition,UCI-489,4,0.85,0.8375,0.8375,0.85,0.8375,0.8375,0.8488095238095237,0.8362605042016806,0.8362605042016806,0.8482904659839644,0.8362605042016806,0.8362605042016806
partition,UCI-489,5,0.8625,0.85,0.85,0.85,0.85,0.85,0.8612605042016807,0.8483146591970121,0.8483146591970121,0.8483146591970121,0.8483146591970121,0.8483146591970121
partition,UCI-489,6,0.825,0.825,0.825,0.825,0.825,0.825,0.82025125029769,0.82025125029769,0.82025125029769,0.82025125029769,0.82025125029769,0.82025125029769
partition,UCI-489,7,0.85,0.875,0.8625,0.875,0.875,0.875,0.8490102707749767,0.8739122315592903,0.8613632119514472,0.8739122315592903,0.8739122315592903,0.8739122315592903
partition,UCI-489,8,0.85,0.8625,0.85,0.8625,0.85,0.85,0.849407096171802,0.8620541549953316,0.849407096171802,0.8620541549953316,0.849407096171802,0.849407096171802
partition,UCI-489,9,0.8375,0.85,0.8375,0.8625,0.8375,0.8375,0.8347470486170178,0.8478936405871391,0.8347470486170178,0.8613632119514472,0.8347470486170178,0.8347470486170178
partition,UCI-489,10,0.8625,0.85,0.8375,0.8625,0.85,0.85,0.8613632119514472,0.8490102707749767,0.8366573295985061,0.862156862745098,0.8490102707749767,0.8490102707749767
partition,UCI-489,11,0.825,0.8375,0.825,0.8625,0.825,0.825,0.819359560288353,0.8316097937150569,0.819359560288353,0.8589245360762388,0.819359560288353,0.819359560288353
partition,UCI-489,12,0.8375,0.8375,0.8375,0.85,0.85,0.85,0.8367600373482726,0.8369561157796452,0.8366619981325863,0.8494070961718021,0.8494070961718021,0.8494070961718021
partition,UCI-489,13,0.85,0.85,0.85,0.875,0.85,0.85,0.8477909328373725,0.8477909328373725,0.8477909328373725,0.8738095238095237,0.8477909328373725,0.8477909328373725
partition,UCI-489,14,0.8625,0.85,0.85,0.85,0.85,0.85,0.8620541549953314,0.8496031746031747,0.8496031746031747,0.8496031746031747,0.8496031746031747,0.8496031746031747
partition,UCI-489,15,0.85,0.8625,0.85,0.8625,0.8625,0.8625,0.8482904659839644,0.8609375248074939,0.8482904659839644,0.8609375248074939,0.8609375248074939,0.8609375248074939
partition,UCI-489,16,0.8625,0.8625,0.8625,0.875,0.8625,0.8625,0.8620541549953314,0.8620541549953314,0.8620541549953314,0.8749019607843138,0.8620541549953314,0.8620541549953314
partition,UCI-489,17,0.825,0.8375,0.8375,0.8375,0.825,0.825,0.8232166199813259,0.837156862745098,0.8363632119514472,0.8362605042016806,0.8240102707749767,0.8240102707749767
partition,UCI-489,18,0.85,0.85,0.8625,0.8625,0.8375,0.85,0.8482166199813259,0.8491129785247432,0.8613632119514472,0.8619607843137255,0.8359663865546219,0.8491129785247432
partition,UCI-489,19,0.8625,0.8625,0.85,0.85,0.8625,0.85,0.8601438740138431,0.8609375248074939,0.8475948544059999,0.8482904659839644,0.8607414463761213,0.8475948544059999
partition,PD-252,0,0.7022276324907903,0.7365913484334536,0.7208620563883723,0.7155761024182079,0.7261963380384433,0.7261963380384433,0.70756368797747,0.7528794799868826,0.734523514172637,0.7356545996041076,0.7422077246989527,0.7422077246989527
partition,PD-252,1,0.6990152095415254,0.7149469307364045,0.7096126490863333,0.7069582740635373,0.7199365357260094,0.7199365357260094,0.6987223263929037,0.7212055694133852,0.7145068492419349,0.716431854125861,0.72414312699347,0.72414312699347
partition,PD-252,2,0.7269987598934968,0.7275458657037605,0.7375961994383047,0.7310920231972864,0.724914286756392,0.724914286756392,0.7360365774576302,0.7464265926603837,0.7520994683174098,0.7550684618404513,0.7420382649387227,0.7420382649387227
partition,PD-252,3,0.7124092716197978,0.7105983513878251,0.6999297880876828,0.7033218441113178,0.7105983513878251,0.7105983513878251,0.7175821338082728,0.7247852654637691,0.7088651352507325,0.7201373988330511,0.7247852654637691,0.7247852654637691
partition,PD-252,4,0.6859995623153518,0.7179341284604442,0.7180280482912063,0.720636831163147,0.7236358828464091,0.7236358828464091,0.6819815137555383,0.7215396253919591,0.7176468512841511,0.7258489758751904,0.725670625193845,0.725670625193845
partition,PD-252,5,0.7342670605828501,0.7217164532954007,0.7294087609877083,0.7320403399350768,0.7167268483057956,0.7167268483057956,0.7396619714209782,0.7295062532473073,0.735437764407217,0.7433066304485358,0.726170401335506,0.726170401335506
partition,PD-252,6,0.7280902359849728,0.7368165736586789,0.7391034759455812,0.7346609767662399,0.7445088813509866,0.7445088813509866,0.7256736460134292,0.7479498735581637,0.746049626279619,0.7539857427750594,0.7550726805757075,0.7550726805757075
partition,PD-252,7,0.7519878177772914,0.7422821607032133,0.7445690629901157,0.7322318269686691,0.7368767552978079,0.7368767552978079,0.7622945385547703,0.7595143250423064,0.7601836057845104,0.7548651721897336,0.7514911920191734,0.7514911920191734
partition,PD-252,8,0.7255069847175111,0.7157302038880987,0.7130986249407302,0.7263276434329066,0.7157302038880987,0.7157302038880987,0.7309636544664642,0.7305108291302497,0.7274914116063494,0.7449866008754287,0.7317035680136278,0.7317035680136278
partition,PD-252,9,0.7373864755443703,0.7558184702921545,0.7504130648867491,0.7394253565306197,0.7531157675894518,0.7531157675894518,0.7433693096664165,0.7703498588456393,0.7620776402443068,0.7632123314829289,0.7661031505989311,0.7661031505989311
partition,PD-252,10,0.7140469416785207,0.7070330451909399,0.7375287230550388,0.7073065980960718,0.7147253528832476,0.7120226501805449,0.7143383857905914,0.7196042181997052,0.7459378634996622,0.7249454132365526,0.7266985731201471,0.7223646156969449
partition,PD-252,11,0.7079065908013277,0.703048291206186,0.703048291206186,0.7033218441113178,0.7056798701535543,0.7056798701535543,0.7194513326232119,0.7214946885317275,0.7214946885317275,0.7245398814697037,0.7251522940840699,0.7251522940840699
partition,PD-252,12,0.7278531568005253,0.7094694897326477,0.7299148338622024,0.6989805595068753,0.7094694897326477,0.7094694897326477,0.7378407664036953,0.7219097581797811,0.7408819548646042,0.7163498771566544,0.7219097581797811,0.7219097581797811
partition,PD-252,13,0.7235164314111683,0.726837363679469,0.7057737899843163,0.7155049786628733,0.7215030820293978,0.718800379326695,0.7271905602185416,0.7397926721418377,0.7119216096287054,0.7326620209059234,0.7294590009783724,0.7255179268318187
partition,PD-252,14,0.7609092898566583,0.7402277783856731,0.75298081482292,0.7122323740744794,0.7452885071306125,0.7452885071306125,0.763084907180477,0.7542709240210905,0.7644421432305023,0.7260295925780047,0.7579194148218089,0.7579194148218089
partition,PD-252,15,0.7282999598789073,0.7264179158916001,0.7391709523288471,0.7343837764890397,0.7187256081992924,0.7187256081992924,0.7244984155407386,0.7323789103674644,0.7458029958729853,0.7443633229144518,0.7268355990738025,0.7268355990738025
partition,PD-252,16,0.7075619141408616,0.7157302038880986,0.715527774738301,0.7080378961957909,0.7181593536856694,0.720790932633038,0.7084494935084148,0.7256889955094715,0.7203876660474376,0.7195200228567344,0.7230946915480789,0.72738229088831
partition,PD-252,17,0.7223766276397855,0.7202210307473466,0.7380347959295328,0.6947149578728526,0.7118876974140134,0.735605646131962,0.7293608157599385,0.7322940104166953,0.7463861712912057,0.7094879744840306,0.7233342113927661,0.7462129267406461
partition,PD-252,18,0.7372515227778386,0.7161651530072582,0.7502781121202172,0.7137360032096874,0.7272011890432942,0.7425858044279096,0.7463044794623742,0.7272031632313383,0.7603349735025868,0.7275824304396434,0.740464843632457,0.7541361723037856
partition,PD-252,19,0.7670906736696211,0.7462067330488382,0.741584600795127,0.7401375059269796,0.7545400663821715,0.7545400663821715,0.7716194964455834,0.7607403707403707,0.7511417679225898,0.7643480472393718,0.7666170166170165,0.7666170166170165
