cohort,fold,view,method,w,ba,f1
UCI-489,1,U,fixed,0.0,0.875,0.873015873015873
UCI-489,1,U,fixed,0.1,0.875,0.873015873015873
UCI-489,1,U,fixed,0.2,0.875,0.873015873015873
UCI-489,1,U,fixed,0.3,0.875,0.873015873015873
UCI-489,1,U,fixed,0.4,0.8125,0.805668016194332
UCI-489,1,U,fixed,0.5,0.875,0.873015873015873
UCI-489,1,U,fixed,0.6,0.875,0.873015873015873
UCI-489,1,U,fixed,0.7,0.875,0.873015873015873
UCI-489,1,U,fixed,0.8,0.875,0.873015873015873
UCI-489,1,U,fixed,0.9,0.8125,0.8117647058823529
UCI-489,1,U,fixed,1.0,0.5,0.4666666666666667
UCI-489,1,U,product,,0.8125,0.805668016194332
UCI-489,1,U,alignment,0.0,0.875,0.873015873015873
UCI-489,1,U,nested,0.5,0.875,0.873015873015873
UCI-489,1,C,fixed,0.0,0.875,0.873015873015873
UCI-489,1,C,fixed,0.1,0.875,0.873015873015873
UCI-489,1,C,fixed,0.2,0.875,0.873015873015873
UCI-489,1,C,fixed,0.3,0.875,0.873015873015873
UCI-489,1,C,fixed,0.4,0.875,0.873015873015873
UCI-489,1,C,fixed,0.5,0.875,0.873015873015873
UCI-489,1,C,fixed,0.6,0.875,0.873015873015873
UCI-489,1,C,fixed,0.7,0.875,0.873015873015873
UCI-489,1,C,fixed,0.8,0.875,0.873015873015873
UCI-489,1,C,fixed,0.9,0.875,0.873015873015873
UCI-489,1,C,fixed,1.0,0.6875,0.6761133603238867
UCI-489,1,C,product,,0.875,0.873015873015873
UCI-489,1,C,alignment,0.0,0.875,0.873015873015873
UCI-489,1,C,nested,0.5,0.875,0.873015873015873
UCI-489,2,U,fixed,0.0,0.875,0.873015873015873
UCI-489,2,U,fixed,0.1,0.8125,0.8117647058823529
UCI-489,2,U,fixed,0.2,0.8125,0.8117647058823529
UCI-489,2,U,fixed,0.3,0.8125,0.8117647058823529
UCI-489,2,U,fixed,0.4,0.8125,0.8117647058823529
UCI-489,2,U,fixed,0.5,0.8125,0.8117647058823529
UCI-489,2,U,fixed,0.6,0.8125,0.8117647058823529
UCI-489,2,U,fixed,0.7,0.8125,0.8117647058823529
UCI-489,2,U,fixed,0.8,0.8125,0.8117647058823529
UCI-489,2,U,fixed,0.9,0.75,0.746031746031746
UCI-489,2,U,fixed,1.0,0.75,0.75
UCI-489,2,U,product,,0.8125,0.8117647058823529
UCI-489,2,U,alignment,0.0,0.875,0.873015873015873
UCI-489,2,U,nested,0.1,0.8125,0.8117647058823529
UCI-489,2,C,fixed,0.0,0.875,0.873015873015873
UCI-489,2,C,fixed,0.1,0.8125,0.8117647058823529
UCI-489,2,C,fixed,0.2,0.8125,0.8117647058823529
UCI-489,2,C,fixed,0.3,0.8125,0.8117647058823529
UCI-489,2,C,fixed,0.4,0.8125,0.8117647058823529
UCI-489,2,C,fixed,0.5,0.8125,0.8117647058823529
UCI-489,2,C,fixed,0.6,0.8125,0.8117647058823529
UCI-489,2,C,fixed,0.7,0.8125,0.8117647058823529
UCI-489,2,C,fixed,0.8,0.8125,0.8117647058823529
UCI-489,2,C,fixed,0.9,0.8125,0.8117647058823529
UCI-489,2,C,fixed,1.0,0.8125,0.8117647058823529
UCI-489,2,C,product,,0.875,0.873015873015873
UCI-489,2,C,alignment,0.0,0.875,0.873015873015873
UCI-489,2,C,nested,0.5,0.8125,0.8117647058823529
UCI-489,3,U,fixed,0.0,1.0,1.0
UCI-489,3,U,fixed,0.1,1.0,1.0
UCI-489,3,U,fixed,0.2,1.0,1.0
UCI-489,3,U,fixed,0.3,1.0,1.0
UCI-489,3,U,fixed,0.4,1.0,1.0
UCI-489,3,U,fixed,0.5,1.0,1.0
UCI-489,3,U,fixed,0.6,1.0,1.0
UCI-489,3,U,fixed,0.7,1.0,1.0
UCI-489,3,U,fixed,0.8,1.0,1.0
UCI-489,3,U,fixed,0.9,1.0,1.0
UCI-489,3,U,fixed,1.0,0.5,0.4920634920634921
UCI-489,3,U,product,,1.0,1.0
UCI-489,3,U,alignment,0.0,1.0,1.0
UCI-489,3,U,nested,0.5,1.0,1.0
UCI-489,3,C,fixed,0.0,1.0,1.0
UCI-489,3,C,fixed,0.1,1.0,1.0
UCI-489,3,C,fixed,0.2,1.0,1.0
UCI-489,3,C,fixed,0.3,1.0,1.0
UCI-489,3,C,fixed,0.4,0.9375,0.9372549019607843
UCI-489,3,C,fixed,0.5,0.9375,0.9372549019607843
UCI-489,3,C,fixed,0.6,0.9375,0.9372549019607843
UCI-489,3,C,fixed,0.7,0.9375,0.9372549019607843
UCI-489,3,C,fixed,0.8,0.9375,0.9372549019607843
UCI-489,3,C,fixed,0.9,0.875,0.873015873015873
UCI-489,3,C,fixed,1.0,0.625,0.6000000000000001
UCI-489,3,C,product,,0.9375,0.9372549019607843
UCI-489,3,C,alignment,0.0,1.0,1.0
UCI-489,3,C,nested,0.4,0.9375,0.9372549019607843
UCI-489,4,U,fixed,0.0,0.8125,0.805668016194332
UCI-489,4,U,fixed,0.1,0.8125,0.805668016194332
UCI-489,4,U,fixed,0.2,0.8125,0.805668016194332
UCI-489,4,U,fixed,0.3,0.8125,0.805668016194332
UCI-489,4,U,fixed,0.4,0.8125,0.805668016194332
UCI-489,4,U,fixed,0.5,0.8125,0.805668016194332
UCI-489,4,U,fixed,0.6,0.8125,0.805668016194332
UCI-489,4,U,fixed,0.7,0.8125,0.805668016194332
UCI-489,4,U,fixed,0.8,0.8125,0.8117647058823529
UCI-489,4,U,fixed,0.9,0.8125,0.8117647058823529
UCI-489,4,U,fixed,1.0,0.625,0.5636363636363637
UCI-489,4,U,product,,0.75,0.746031746031746
UCI-489,4,U,alignment,0.0,0.8125,0.805668016194332
UCI-489,4,U,nested,0.1,0.8125,0.805668016194332
UCI-489,4,C,fixed,0.0,0.8125,0.805668016194332
UCI-489,4,C,fixed,0.1,0.8125,0.805668016194332
UCI-489,4,C,fixed,0.2,0.8125,0.805668016194332
UCI-489,4,C,fixed,0.3,0.8125,0.805668016194332
UCI-489,4,C,fixed,0.4,0.8125,0.805668016194332
UCI-489,4,C,fixed,0.5,0.8125,0.805668016194332
UCI-489,4,C,fixed,0.6,0.8125,0.805668016194332
UCI-489,4,C,fixed,0.7,0.8125,0.805668016194332
UCI-489,4,C,fixed,0.8,0.8125,0.805668016194332
UCI-489,4,C,fixed,0.9,0.8125,0.805668016194332
UCI-489,4,C,fixed,1.0,0.6875,0.6862745098039216
UCI-489,4,C,product,,0.875,0.873015873015873
UCI-489,4,C,alignment,0.0,0.8125,0.805668016194332
UCI-489,4,C,nested,0.6,0.8125,0.805668016194332
UCI-489,5,U,fixed,0.0,0.75,0.746031746031746
UCI-489,5,U,fixed,0.1,0.75,0.746031746031746
UCI-489,5,U,fixed,0.2,0.75,0.746031746031746
UCI-489,5,U,fixed,0.3,0.75,0.746031746031746
UCI-489,5,U,fixed,0.4,0.75,0.746031746031746
UCI-489,5,U,fixed,0.5,0.75,0.746031746031746
UCI-489,5,U,fixed,0.6,0.75,0.746031746031746
UCI-489,5,U,fixed,0.7,0.75,0.746031746031746
UCI-489,5,U,fixed,0.8,0.75,0.746031746031746
UCI-489,5,U,fixed,0.9,0.75,0.746031746031746
UCI-489,5,U,fixed,1.0,0.625,0.6000000000000001
UCI-489,5,U,product,,0.75,0.746031746031746
UCI-489,5,U,alignment,0.0,0.75,0.746031746031746
UCI-489,5,U,nested,0.4,0.75,0.746031746031746
UCI-489,5,C,fixed,0.0,0.75,0.746031746031746
UCI-489,5,C,fixed,0.1,0.75,0.746031746031746
UCI-489,5,C,fixed,0.2,0.75,0.746031746031746
UCI-489,5,C,fixed,0.3,0.75,0.746031746031746
UCI-489,5,C,fixed,0.4,0.75,0.746031746031746
UCI-489,5,C,fixed,0.5,0.75,0.746031746031746
UCI-489,5,C,fixed,0.6,0.75,0.746031746031746
UCI-489,5,C,fixed,0.7,0.75,0.746031746031746
UCI-489,5,C,fixed,0.8,0.75,0.746031746031746
UCI-489,5,C,fixed,0.9,0.75,0.746031746031746
UCI-489,5,C,fixed,1.0,0.6875,0.6761133603238867
UCI-489,5,C,product,,0.75,0.746031746031746
UCI-489,5,C,alignment,0.0,0.75,0.746031746031746
UCI-489,5,C,nested,0.5,0.75,0.746031746031746
PD-252,1,U,fixed,0.0,0.7419028340080972,0.7419028340080972
PD-252,1,U,fixed,0.1,0.7165991902834008,0.7275641025641026
PD-252,1,U,fixed,0.2,0.6781376518218624,0.6912493120528342
PD-252,1,U,fixed,0.3,0.6781376518218624,0.6912493120528342
PD-252,1,U,fixed,0.4,0.6912955465587045,0.7102272727272727
PD-252,1,U,fixed,0.5,0.6912955465587045,0.7102272727272727
PD-252,1,U,fixed,0.6,0.6912955465587045,0.7102272727272727
PD-252,1,U,fixed,0.7,0.6912955465587045,0.7102272727272727
PD-252,1,U,fixed,0.8,0.7044534412955465,0.7301587301587301
PD-252,1,U,fixed,0.9,0.7044534412955465,0.7301587301587301
PD-252,1,U,fixed,1.0,0.5890688259109311,0.5952380952380952
PD-252,1,U,product,,0.6659919028340081,0.6890243902439024
PD-252,1,U,alignment,0.0,0.7419028340080972,0.7419028340080972
PD-252,1,U,nested,0.0,0.7419028340080972,0.7419028340080972
PD-252,1,C,fixed,0.0,0.6518218623481782,0.6555844155844156
PD-252,1,C,fixed,0.1,0.6518218623481782,0.6555844155844156
PD-252,1,C,fixed,0.2,0.6518218623481782,0.6555844155844156
PD-252,1,C,fixed,0.3,0.6649797570850202,0.673076923076923
PD-252,1,C,fixed,0.4,0.6781376518218624,0.6912493120528342
PD-252,1,C,fixed,0.5,0.6781376518218624,0.6912493120528342
PD-252,1,C,fixed,0.6,0.6781376518218624,0.6912493120528342
PD-252,1,C,fixed,0.7,0.6912955465587045,0.7102272727272727
PD-252,1,C,fixed,0.8,0.7044534412955465,0.7301587301587301
PD-252,1,C,fixed,0.9,0.6923076923076923,0.7301587301587301
PD-252,1,C,fixed,1.0,0.5,0.42696629213483145
PD-252,1,C,product,,0.6659919028340081,0.6890243902439024
PD-252,1,C,alignment,0.0,0.6518218623481782,0.6555844155844156
PD-252,1,C,nested,0.2,0.6518218623481782,0.6555844155844156
PD-252,2,U,fixed,0.0,0.6902834008097165,0.6902834008097165
PD-252,2,U,fixed,0.1,0.7034412955465588,0.7085714285714286
PD-252,2,U,fixed,0.2,0.6781376518218624,0.6912493120528342
PD-252,2,U,fixed,0.3,0.6649797570850202,0.673076923076923
PD-252,2,U,fixed,0.4,0.6781376518218624,0.6912493120528342
PD-252,2,U,fixed,0.5,0.6781376518218624,0.6912493120528342
PD-252,2,U,fixed,0.6,0.6781376518218624,0.6912493120528342
PD-252,2,U,fixed,0.7,0.652834008097166,0.6701940035273368
PD-252,2,U,fixed,0.8,0.652834008097166,0.6701940035273368
PD-252,2,U,fixed,0.9,0.6659919028340081,0.6890243902439024
PD-252,2,U,fixed,1.0,0.6406882591093117,0.6626984126984127
PD-252,2,U,product,,0.6659919028340081,0.6890243902439024
PD-252,2,U,alignment,0.0,0.6902834008097165,0.6902834008097165
PD-252,2,U,nested,0.3,0.6649797570850202,0.673076923076923
PD-252,2,C,fixed,0.0,0.7550607287449393,0.7615584415584415
PD-252,2,C,fixed,0.1,0.7550607287449393,0.7615584415584415
PD-252,2,C,fixed,0.2,0.7550607287449393,0.7615584415584415
PD-252,2,C,fixed,0.3,0.7682186234817814,0.7820512820512822
PD-252,2,C,fixed,0.4,0.7682186234817814,0.7820512820512822
PD-252,2,C,fixed,0.5,0.6912955465587045,0.7102272727272727
PD-252,2,C,fixed,0.6,0.6912955465587045,0.7102272727272727
PD-252,2,C,fixed,0.7,0.6912955465587045,0.7102272727272727
PD-252,2,C,fixed,0.8,0.6659919028340081,0.6890243902439024
PD-252,2,C,fixed,0.9,0.6275303643724697,0.6442612555485099
PD-252,2,C,fixed,1.0,0.5,0.42696629213483145
PD-252,2,C,product,,0.6659919028340081,0.6890243902439024
PD-252,2,C,alignment,0.0,0.7550607287449393,0.7615584415584415
PD-252,2,C,nested,0.0,0.7550607287449393,0.7615584415584415
PD-252,3,U,fixed,0.0,0.7258771929824561,0.7258771929824561
PD-252,3,U,fixed,0.1,0.7390350877192983,0.745906267645398
PD-252,3,U,fixed,0.2,0.7521929824561404,0.766899766899767
PD-252,3,U,fixed,0.3,0.7521929824561404,0.766899766899767
PD-252,3,U,fixed,0.4,0.7938596491228069,0.8023715415019763
PD-252,3,U,fixed,0.5,0.7105263157894737,0.72875226039783
PD-252,3,U,fixed,0.6,0.668859649122807,0.6875
PD-252,3,U,fixed,0.7,0.668859649122807,0.6875
PD-252,3,U,fixed,0.8,0.668859649122807,0.6875
PD-252,3,U,fixed,0.9,0.668859649122807,0.6875
PD-252,3,U,fixed,1.0,0.6403508771929824,0.6612466124661247
PD-252,3,U,product,,0.7105263157894737,0.72875226039783
PD-252,3,U,alignment,0.0,0.7258771929824561,0.7258771929824561
PD-252,3,U,nested,0.5,0.7105263157894737,0.72875226039783
PD-252,3,C,fixed,0.0,0.7675438596491229,0.76
PD-252,3,C,fixed,0.1,0.7938596491228069,0.8023715415019763
PD-252,3,C,fixed,0.2,0.7521929824561404,0.766899766899767
PD-252,3,C,fixed,0.3,0.7521929824561404,0.766899766899767
PD-252,3,C,fixed,0.4,0.7521929824561404,0.766899766899767
PD-252,3,C,fixed,0.5,0.7521929824561404,0.766899766899767
PD-252,3,C,fixed,0.6,0.6271929824561403,0.6426250812215724
PD-252,3,C,fixed,0.7,0.6271929824561403,0.6426250812215724
PD-252,3,C,fixed,0.8,0.6271929824561403,0.6426250812215724
PD-252,3,C,fixed,0.9,0.6271929824561403,0.6426250812215724
PD-252,3,C,fixed,1.0,0.5,0.4318181818181818
PD-252,3,C,product,,0.668859649122807,0.6875
PD-252,3,C,alignment,0.0,0.7675438596491229,0.76
PD-252,3,C,nested,0.7,0.6271929824561403,0.6426250812215724
PD-252,4,U,fixed,0.0,0.817047817047817,0.8015873015873016
PD-252,4,U,fixed,0.1,0.817047817047817,0.8015873015873016
PD-252,4,U,fixed,0.2,0.8305613305613306,0.8224251648909183
PD-252,4,U,fixed,0.3,0.8305613305613306,0.8224251648909183
PD-252,4,U,fixed,0.4,0.869022869022869,0.8511904761904762
PD-252,4,U,fixed,0.5,0.8575883575883576,0.8666666666666667
PD-252,4,U,fixed,0.6,0.8575883575883576,0.8666666666666667
PD-252,4,U,fixed,0.7,0.8575883575883576,0.8666666666666667
PD-252,4,U,fixed,0.8,0.8461538461538461,0.8834498834498834
PD-252,4,U,fixed,0.9,0.8461538461538461,0.8834498834498834
PD-252,4,U,fixed,1.0,0.7692307692307692,0.8125
PD-252,4,U,product,,0.7941787941787942,0.8251748251748252
PD-252,4,U,alignment,0.0,0.817047817047817,0.8015873015873016
PD-252,4,U,nested,0.3,0.8305613305613306,0.8224251648909183
PD-252,4,C,fixed,0.0,0.817047817047817,0.8015873015873016
PD-252,4,C,fixed,0.1,0.8305613305613306,0.8224251648909183
PD-252,4,C,fixed,0.2,0.8305613305613306,0.8224251648909183
PD-252,4,C,fixed,0.3,0.8305613305613306,0.8224251648909183
PD-252,4,C,fixed,0.4,0.8056133056133057,0.8133333333333332
PD-252,4,C,fixed,0.5,0.8056133056133057,0.8133333333333332
PD-252,4,C,fixed,0.6,0.8056133056133057,0.8133333333333332
PD-252,4,C,fixed,0.7,0.7941787941787942,0.8251748251748252
PD-252,4,C,fixed,0.8,0.7692307692307692,0.8125
PD-252,4,C,fixed,0.9,0.7692307692307692,0.8125
PD-252,4,C,fixed,1.0,0.5,0.42528735632183906
PD-252,4,C,product,,0.7557172557172558,0.789029535864979
PD-252,4,C,alignment,0.0,0.817047817047817,0.8015873015873016
PD-252,4,C,nested,0.0,0.817047817047817,0.8015873015873016
PD-252,5,U,fixed,0.0,0.7422037422037422,0.7668997668997669
PD-252,5,U,fixed,0.1,0.7422037422037422,0.7668997668997669
PD-252,5,U,fixed,0.2,0.7422037422037422,0.7668997668997669
PD-252,5,U,fixed,0.3,0.7422037422037422,0.7668997668997669
PD-252,5,U,fixed,0.4,0.7422037422037422,0.7668997668997669
PD-252,5,U,fixed,0.5,0.7172557172557172,0.75
PD-252,5,U,fixed,0.6,0.7307692307692308,0.7725795971410007
PD-252,5,U,fixed,0.7,0.6923076923076923,0.7289972899728998
PD-252,5,U,fixed,0.8,0.6923076923076923,0.7289972899728998
PD-252,5,U,fixed,0.9,0.6538461538461539,0.6810772501771793
PD-252,5,U,fixed,1.0,0.5384615384615384,0.5016611295681063
PD-252,5,U,product,,0.7307692307692308,0.7725795971410007
PD-252,5,U,alignment,0.0,0.7422037422037422,0.7668997668997669
PD-252,5,U,nested,0.5,0.7172557172557172,0.75
PD-252,5,C,fixed,0.0,0.7536382536382537,0.76
PD-252,5,C,fixed,0.1,0.7536382536382537,0.76
PD-252,5,C,fixed,0.2,0.7286902286902287,0.745906267645398
PD-252,5,C,fixed,0.3,0.7286902286902287,0.745906267645398
PD-252,5,C,fixed,0.4,0.7286902286902287,0.745906267645398
PD-252,5,C,fixed,0.5,0.7286902286902287,0.745906267645398
PD-252,5,C,fixed,0.6,0.7286902286902287,0.745906267645398
PD-252,5,C,fixed,0.7,0.7422037422037422,0.7668997668997669
PD-252,5,C,fixed,0.8,0.7557172557172558,0.789029535864979
PD-252,5,C,fixed,0.9,0.6538461538461539,0.6810772501771793
PD-252,5,C,fixed,1.0,0.5,0.42528735632183906
PD-252,5,C,product,,0.7307692307692308,0.7725795971410007
PD-252,5,C,alignment,0.0,0.7536382536382537,0.76
PD-252,5,C,nested,0.0,0.7536382536382537,0.76
