study,cohort,index,w,ba,f1
seed,PD-252,0,0.0,0.7409855199328883,0.7363088996236555
seed,PD-252,0,0.1,0.7389721705511179,0.7416290162296979
seed,PD-252,0,0.2,0.733982565561513,0.7378616986877857
seed,PD-252,0,0.3,0.7495696100959258,0.7556057159575822
seed,PD-252,0,0.4,0.743867855709961,0.7521458388323227
seed,PD-252,0,0.5,0.7465705584126636,0.756381020034478
seed,PD-252,0,0.6,0.7545364190101033,0.7685569748305504
seed,PD-252,0,0.7,0.7409171317066054,0.7631425312535223
seed,PD-252,0,0.8,0.7128506036400772,0.7333252061329969
seed,PD-252,0,0.9,0.699527665317139,0.7234106402203379
seed,PD-252,0,1.0,0.6201754385964912,0.6256697837009638
seed,PD-252,1,0.0,0.7497346536820221,0.7449862086284519
seed,PD-252,1,0.1,0.7523662326293905,0.7488070262545149
seed,PD-252,1,0.2,0.7470091549038916,0.7510861284311636
seed,PD-252,1,0.3,0.7497118576065944,0.7560045154080243
seed,PD-252,1,0.4,0.7383083488346646,0.7497549674875902
seed,PD-252,1,0.5,0.7410110515373672,0.754544988277611
seed,PD-252,1,0.6,0.7333187438450596,0.7486151637162075
seed,PD-252,1,0.7,0.7382855527592371,0.7604554730677966
seed,PD-252,1,0.8,0.7352865010759748,0.759202635217135
seed,PD-252,1,0.9,0.6995276653171391,0.7252670670502536
seed,PD-252,1,1.0,0.6272267206477732,0.6390415724522741
seed,PD-252,2,0.0,0.7567148119779699,0.7532589946800472
seed,PD-252,2,0.1,0.7596910675858044,0.7631824247453538
seed,PD-252,2,0.2,0.7650253492358756,0.7711508599637383
seed,PD-252,2,0.3,0.7676569281832439,0.7749493947622732
seed,PD-252,2,0.4,0.7569655688076742,0.7689503482311701
seed,PD-252,2,0.5,0.7436426304847357,0.7586357016255201
seed,PD-252,2,0.6,0.7379408760987708,0.7541808416808417
seed,PD-252,2,0.7,0.7329512711091659,0.7508008883008883
seed,PD-252,2,0.8,0.7409882554619397,0.7609816481767702
seed,PD-252,2,0.9,0.7078609986504724,0.7299922800187911
seed,PD-252,2,1.0,0.6355600539811066,0.6492497893466329
seed,PD-252,3,0.0,0.7362694678484153,0.7360435996583824
seed,PD-252,3,0.1,0.7285771601561076,0.7282482827023611
seed,PD-252,3,0.2,0.7442353284458548,0.747687503283458
seed,PD-252,3,0.3,0.7468669073932231,0.75127175853438
seed,PD-252,3,0.4,0.7355345223766276,0.7444175613108884
seed,PD-252,3,0.5,0.7305449173870227,0.7416571638136488
seed,PD-252,3,0.6,0.7412846044424992,0.7588505937134629
seed,PD-252,3,0.7,0.7389265784002625,0.759600784673801
seed,PD-252,3,0.8,0.7309379217273955,0.7561711697944047
seed,PD-252,3,0.9,0.7078609986504724,0.7342420508059391
seed,PD-252,3,1.0,0.6278677462887988,0.6364821086309359
seed,PD-252,4,0.0,0.7359959149432834,0.7310838751954135
seed,PD-252,4,0.1,0.7439617755407228,0.742787716109125
seed,PD-252,4,0.2,0.7519987598934967,0.7549524313939576
seed,PD-252,4,0.3,0.7625961994383047,0.7708497178673819
seed,PD-252,4,0.4,0.7679304810883758,0.7793240261677772
seed,PD-252,4,0.5,0.757239121712806,0.7731347876275413
seed,PD-252,4,0.6,0.7599418244155086,0.7779248084175621
seed,PD-252,4,0.7,0.7466188860925703,0.7676269059897752
seed,PD-252,4,0.8,0.71555330634278,0.7419696319351674
seed,PD-252,4,0.9,0.7001686909581647,0.7260151828229736
seed,PD-252,4,1.0,0.6278677462887989,0.639063047983421
seed,PD-252,5,0.0,0.7173988766094029,0.7173701383846312
seed,PD-252,5,0.1,0.7282096874202137,0.733019606414951
seed,PD-252,5,0.2,0.7205173797279061,0.7254267864665999
seed,PD-252,5,0.3,0.7336150928256192,0.740955022440071
seed,PD-252,5,0.4,0.7252817594922859,0.7334987106359332
seed,PD-252,5,0.5,0.7279133384396542,0.7369306914234451
seed,PD-252,5,0.6,0.719924681766787,0.7343625309870035
seed,PD-252,5,0.7,0.7119360250939197,0.7308436787542478
seed,PD-252,5,0.8,0.712280701754386,0.7381860933687876
seed,PD-252,5,0.9,0.699527665317139,0.7234106402203379
seed,PD-252,5,1.0,0.6195344129554655,0.625648308169817
seed,PD-252,6,0.0,0.7149925228872598,0.7097546983880536
seed,PD-252,6,0.1,0.7203268045373309,0.7171458059731771
seed,PD-252,6,0.2,0.7257322099427362,0.7247688901279596
seed,PD-252,6,0.3,0.7391034759455811,0.7450804317338898
seed,PD-252,6,0.4,0.7341138709559762,0.7414526874385917
seed,PD-252,6,0.5,0.72784221468432,0.736622244354867
seed,PD-252,6,0.6,0.7305449173870227,0.7410163155297601
seed,PD-252,6,0.7,0.7305221213115949,0.7504897094775143
seed,PD-252,6,0.8,0.7178402086296823,0.7411799315361575
seed,PD-252,6,0.9,0.7021592442645075,0.7303485132753424
seed,PD-252,6,1.0,0.6118421052631579,0.611516499524467
seed,PD-252,7,0.0,0.7070977860451546,0.7000735375735376
seed,PD-252,7,0.1,0.7177663493452967,0.7144969730754857
seed,PD-252,7,0.2,0.7250911843017107,0.7259509825644381
seed,PD-252,7,0.3,0.7354150709413869,0.7355720984984371
seed,PD-252,7,0.4,0.7514890396469344,0.7601279769087987
seed,PD-252,7,0.5,0.7485611117190065,0.7608045778120601
seed,PD-252,7,0.6,0.765002553160448,0.7819065060672106
seed,PD-252,7,0.7,0.759300798774483,0.7780725969017108
seed,PD-252,7,0.8,0.7563017470912208,0.7759765787204811
seed,PD-252,7,0.9,0.7065789473684211,0.7313956869100029
seed,PD-252,7,1.0,0.6349190283400808,0.6430448077790387
seed,PD-252,8,0.0,0.7197569026516394,0.7185913097084293
seed,PD-252,8,0.1,0.7301519130466498,0.7279414733362929
seed,PD-252,8,0.2,0.7355573184520552,0.7358970235414924
seed,PD-252,8,0.3,0.7518565123828281,0.754136021872864
seed,PD-252,8,0.4,0.7625250756829705,0.7712331390790432
seed,PD-252,8,0.5,0.7464994346573295,0.7563434672025799
seed,PD-252,8,0.6,0.7407976802713645,0.7522982211531144
seed,PD-252,8,0.7,0.7385107779844622,0.7538331186097211
seed,PD-252,8,0.8,0.7359275267170003,0.761906799519123
seed,PD-252,8,0.9,0.7078609986504724,0.7323856239760234
seed,PD-252,8,1.0,0.6355600539811066,0.6492497893466329
seed,PD-252,9,0.0,0.7104898420687895,0.7116503797111026
seed,PD-252,9,0.1,0.7104898420687895,0.7116503797111026
seed,PD-252,9,0.2,0.7131214210161578,0.7150823604986144
seed,PD-252,9,0.3,0.7158241237188606,0.7190881754312028
seed,PD-252,9,0.4,0.709754896597002,0.7193012569824164
seed,PD-252,9,0.5,0.722852609694715,0.733420591753925
seed,PD-252,9,0.6,0.7281868913447861,0.7418401732834424
seed,PD-252,9,0.7,0.7228298136192872,0.742860208177127
seed,PD-252,9,0.8,0.7128506036400774,0.7369793895307375
seed,PD-252,9,0.9,0.7078609986504724,0.7323856239760234
seed,PD-252,9,1.0,0.6278677462887989,0.639063047983421
seed,PD-252,10,0.0,0.7409855199328883,0.7351818119564066
seed,PD-252,10,0.1,0.7359247911879491,0.7313615469754373
seed,PD-252,10,0.2,0.7440328992960571,0.742358524130454
seed,PD-252,10,0.3,0.7572619177882336,0.762070418210769
seed,PD-252,10,0.4,0.743867855709961,0.7520470626112759
seed,PD-252,10,0.5,0.7409399277820331,0.7531455899089838
seed,PD-252,10,0.6,0.7352381733960682,0.7486907299643055
seed,PD-252,10,0.7,0.7382855527592371,0.7591562397672309
seed,PD-252,10,0.8,0.7359275267170003,0.7598525435087267
seed,PD-252,10,0.9,0.6918353576248313,0.7170401990672881
seed,PD-252,10,1.0,0.6124831309041835,0.6136554198158749
seed,PD-252,11,0.0,0.7362694678484152,0.7354187270853938
seed,PD-252,11,0.1,0.7416037494984863,0.7435341299376388
seed,PD-252,11,0.2,0.7495696100959258,0.7557606600342355
seed,PD-252,11,0.3,0.7522723127986286,0.7603384728312264
seed,PD-252,11,0.4,0.7499854105117263,0.7629361352549757
seed,PD-252,11,0.5,0.7333187438450597,0.7482122790341466
seed,PD-252,11,0.6,0.7258288653025495,0.7463062153546275
seed,PD-252,11,0.7,0.720542911332385,0.7480266007705032
seed,PD-252,11,0.8,0.7232456140350878,0.7525425201987033
seed,PD-252,11,0.9,0.7078609986504724,0.7342420508059391
seed,PD-252,11,1.0,0.6278677462887989,0.6418912923415931
seed,PD-252,12,0.0,0.7331281686544845,0.7386075358031832
seed,PD-252,12,0.1,0.7280674399095453,0.7343964740980837
seed,PD-252,12,0.2,0.7230067111646059,0.7308995933391431
seed,PD-252,12,0.3,0.715089178247073,0.7277072892803056
seed,PD-252,12,0.4,0.7197824342561183,0.7329617273722964
seed,PD-252,12,0.5,0.7224851369588212,0.7373557985471895
seed,PD-252,12,0.6,0.7141518036254878,0.728380814791504
seed,PD-252,12,0.7,0.7118649013385856,0.7301191470781283
seed,PD-252,12,0.8,0.7068752963489806,0.7284388704371587
seed,PD-252,12,0.9,0.7021592442645074,0.7271349464692483
seed,PD-252,12,1.0,0.6298582995951417,0.6390274108657475
seed,PD-252,13,0.0,0.7249489367910422,0.7261293054771316
seed,PD-252,13,0.1,0.7276516394937449,0.7298438811095155
seed,PD-252,13,0.2,0.7303543421964476,0.7336780630258891
seed,PD-252,13,0.3,0.7303543421964476,0.7336780630258891
seed,PD-252,13,0.4,0.7383913265492212,0.7457603233742136
seed,PD-252,13,0.5,0.7277710909289856,0.7382925185251412
seed,PD-252,13,0.6,0.7170797315534159,0.7312368332444766
seed,PD-252,13,0.7,0.7301774446511289,0.745582666530155
seed,PD-252,13,0.8,0.7125059269796112,0.7326770120875812
seed,PD-252,13,0.9,0.7104925775978408,0.7364060918122807
seed,PD-252,13,1.0,0.6169028340080971,0.6229685696077254
seed,PD-252,14,0.0,0.738698617645986,0.7353008300376722
seed,PD-252,14,0.1,0.7492960571907942,0.7506429897342664
seed,PD-252,14,0.2,0.7519276361381625,0.7544385818691541
seed,PD-252,14,0.3,0.7651566546303388,0.7749069301980069
seed,PD-252,14,0.4,0.7518337163074006,0.7641763602120619
seed,PD-252,14,0.5,0.7598707006601744,0.7773297879723986
seed,PD-252,14,0.6,0.7438450596345334,0.7624712288100419
seed,PD-252,14,0.7,0.7201982346719189,0.7409038800705467
seed,PD-252,14,0.8,0.7024555932450669,0.7253533096454624
seed,PD-252,14,0.9,0.7098515519568152,0.7358496646105819
seed,PD-252,14,1.0,0.6228070175438596,0.6284810012112237
seed,PD-252,15,0.0,0.7275914578546157,0.7260133353521961
seed,PD-252,15,0.1,0.7225307291096763,0.7225489120484772
seed,PD-252,15,0.2,0.7381888973994236,0.7402730624667926
seed,PD-252,15,0.3,0.7435231790494948,0.7478825922370269
seed,PD-252,15,0.4,0.7542628661049714,0.7644477876261562
seed,PD-252,15,0.5,0.7486322354743408,0.7611522437489711
seed,PD-252,15,0.6,0.7352381733960682,0.7486907299643055
seed,PD-252,15,0.7,0.7245468140204981,0.7424032046152564
seed,PD-252,15,0.8,0.712280701754386,0.7398014590997046
seed,PD-252,15,0.9,0.683502024291498,0.7072143698148434
seed,PD-252,15,1.0,0.6272267206477732,0.6364606330997888
seed,PD-252,16,0.0,0.7438906517853886,0.743053391053391
seed,PD-252,16,0.1,0.7438906517853886,0.743053391053391
seed,PD-252,16,0.2,0.7414615019878178,0.7430994234807345
seed,PD-252,16,0.3,0.7494984863405916,0.755907689204332
seed,PD-252,16,0.4,0.7361755480176532,0.7458171314946261
seed,PD-252,16,0.5,0.7415098296677243,0.7534842934842936
seed,PD-252,16,0.6,0.7251878396615239,0.7425309780267586
seed,PD-252,16,0.7,0.733295947769632,0.7560864661654134
seed,PD-252,16,0.8,0.7309379217273955,0.7561711697944047
seed,PD-252,16,0.9,0.699527665317139,0.7234106402203379
seed,PD-252,16,1.0,0.6195344129554655,0.628854831089062
seed,PD-252,17,0.0,0.7331509647299121,0.7297180915672499
seed,PD-252,17,0.1,0.7281613597403072,0.7260337801412977
seed,PD-252,17,0.2,0.7285060364007732,0.730388145214232
seed,PD-252,17,0.3,0.736543020753547,0.742087803317399
seed,PD-252,17,0.4,0.7308412663675822,0.7384919498954586
seed,PD-252,17,0.5,0.7361755480176533,0.7462940003513643
seed,PD-252,17,0.6,0.7435715067294015,0.7569411820438715
seed,PD-252,17,0.7,0.7406435788014736,0.7580585635513172
seed,PD-252,17,0.8,0.7332248240142978,0.7572127066921188
seed,PD-252,17,0.9,0.7078609986504724,0.7355991907821176
seed,PD-252,17,1.0,0.6278677462887989,0.6330311459673894
seed,PD-252,18,0.0,0.7146961739067003,0.7144847094658907
seed,PD-252,18,0.1,0.7226620345041398,0.7264540534267041
seed,PD-252,18,0.2,0.7220921326184484,0.7246393284689301
seed,PD-252,18,0.3,0.7301291169712222,0.736084227977555
seed,PD-252,18,0.4,0.7244984863405916,0.7321677333211914
seed,PD-252,18,0.5,0.7215705584126637,0.7317966587894125
seed,PD-252,18,0.6,0.7165809534230586,0.7290963750438636
seed,PD-252,18,0.7,0.7196283327862274,0.7390705467372134
seed,PD-252,18,0.8,0.7326549221286064,0.7529575331137163
seed,PD-252,18,0.9,0.7072199730094467,0.7293853100966097
seed,PD-252,18,1.0,0.6041497975708502,0.607477486234805
seed,PD-252,19,0.0,0.7439617755407228,0.7426122123490544
seed,PD-252,19,0.1,0.7390432943064522,0.7393546365914787
seed,PD-252,19,0.2,0.7470802786592261,0.751797240821958
seed,PD-252,19,0.3,0.7576065944486997,0.7673310808414986
seed,PD-252,19,0.4,0.7576065944486997,0.7673310808414986
seed,PD-252,19,0.5,0.7526169894590946,0.7648145387180475
seed,PD-252,19,0.6,0.7573102454681402,0.7748508158508158
seed,PD-252,19,0.7,0.754311193784878,0.7756335598297623
seed,PD-252,19,0.8,0.7051582959477696,0.730813907133893
seed,PD-252,19,0.9,0.7001686909581647,0.7260151828229736
seed,PD-252,19,1.0,0.6509446693657219,0.6674234765430305
seed,PD-252,20,0.0,0.720611299558668,0.715974839263777
seed,PD-252,20,0.1,0.7363405916037495,0.7354406400156812
seed,PD-252,20,0.2,0.7416037494984863,0.7432112841256209
seed,PD-252,20,0.3,0.7442353284458548,0.7473516350028139
seed,PD-252,20,0.4,0.7468669073932233,0.7507836157903257
seed,PD-252,20,0.5,0.7382372250793303,0.7489628556180566
seed,PD-252,20,0.6,0.7358791990370938,0.7498468271234295
seed,PD-252,20,0.7,0.7362949994528942,0.7558347073304879
seed,PD-252,20,0.8,0.7359986504723347,0.7609013397417335
seed,PD-252,20,0.9,0.7232456140350878,0.7479443018114391
seed,PD-252,20,1.0,0.6272267206477732,0.6390415724522741
seed,PD-252,21,0.0,0.7334245176350439,0.7325960841277827
seed,PD-252,21,0.1,0.7360560965824124,0.736582375614074
seed,PD-252,21,0.2,0.7360560965824124,0.736582375614074
seed,PD-252,21,0.3,0.7494273625852573,0.7565350117718538
seed,PD-252,21,0.4,0.7574643469380311,0.7691768927329725
seed,PD-252,21,0.5,0.7595260239997083,0.7722296712473353
seed,PD-252,21,0.6,0.7511926906663748,0.7646001699469478
seed,PD-252,21,0.7,0.7509674654411497,0.7698221448221447
seed,PD-252,21,0.8,0.72553251632199,0.749406799519123
seed,PD-252,21,0.9,0.6995276653171391,0.7252670670502536
seed,PD-252,21,1.0,0.6201754385964912,0.6256697837009638
seed,PD-252,22,0.0,0.7356284422073897,0.7353494630161297
seed,PD-252,22,0.1,0.733270416165153,0.7360677191554383
seed,PD-252,22,0.2,0.733270416165153,0.7360677191554383
seed,PD-252,22,0.3,0.7386046978152241,0.7438425478278137
seed,PD-252,22,0.4,0.7305449173870227,0.742994434887762
seed,PD-252,22,0.5,0.7332476200897254,0.7473283923109643
seed,PD-252,22,0.6,0.7385819017397964,0.7556423489642166
seed,PD-252,22,0.7,0.7174955319692162,0.7382989491950257
seed,PD-252,22,0.8,0.7128506036400774,0.7393930385974719
seed,PD-252,22,0.9,0.6924763832658569,0.7170625558838951
seed,PD-252,22,1.0,0.6201754385964913,0.6310789674116212
seed,PD-252,23,0.0,0.7261480103585367,0.7292901064518172
seed,PD-252,23,0.1,0.7261480103585367,0.7292901064518172
seed,PD-252,23,0.2,0.7211584053689316,0.727789375426482
seed,PD-252,23,0.3,0.7318980924244082,0.7438793110722937
seed,PD-252,23,0.4,0.7339597694860853,0.7495889674779834
seed,PD-252,23,0.5,0.7392940511361565,0.7581216247520596
seed,PD-252,23,0.6,0.7232684101105155,0.7424854696116849
seed,PD-252,23,0.7,0.7313053944632892,0.7555529952154425
seed,PD-252,23,0.8,0.7206140350877193,0.7485336554442246
seed,PD-252,23,0.9,0.7001686909581647,0.7266465638430392
seed,PD-252,23,1.0,0.6355600539811066,0.649875372913393
partition,UCI-489,0,0.0,0.8625,0.862156862745098
partition,UCI-489,0,0.1,0.8625,0.862156862745098
partition,UCI-489,0,0.2,0.8625,0.862156862745098
partition,UCI-489,0,0.3,0.8625,0.862156862745098
partition,UCI-489,0,0.4,0.8625,0.862156862745098
partition,UCI-489,0,0.5,0.8625,0.862156862745098
partition,UCI-489,0,0.6,0.875,0.874407096171802
partition,UCI-489,0,0.7,0.8625,0.8617600373482727
partition,UCI-489,0,0.8,0.8625,0.8617600373482727
partition,UCI-489,0,0.9,0.825,0.8240149393090569
partition,UCI-489,0,1.0,0.7125,0.705816142921406
partition,UCI-489,1,0.0,0.8375,0.8366619981325863
partition,UCI-489,1,0.1,0.8375,0.8366619981325863
partition,UCI-489,1,0.2,0.8375,0.8366619981325863
partition,UCI-489,1,0.3,0.8375,0.8366619981325863
partition,UCI-489,1,0.4,0.8625,0.862156862745098
partition,UCI-489,1,0.5,0.875,0.8746078431372549
partition,UCI-489,1,0.6,0.875,0.8746078431372549
partition,UCI-489,1,0.7,0.8625,0.862156862745098
partition,UCI-489,1,0.8,0.825,0.8247058823529411
partition,UCI-489,1,0.9,0.8375,0.8372549019607843
partition,UCI-489,1,1.0,0.6125,0.6035854341736695
partition,UCI-489,2,0.0,0.8625,0.8619561157796453
partition,UCI-489,2,0.1,0.8625,0.8619561157796453
partition,UCI-489,2,0.2,0.8625,0.8619561157796453
partition,UCI-489,2,0.3,0.8625,0.8619561157796453
partition,UCI-489,2,0.4,0.8625,0.8619561157796453
partition,UCI-489,2,0.5,0.8625,0.8619561157796453
partition,UCI-489,2,0.6,0.8625,0.8619561157796453
partition,UCI-489,2,0.7,0.875,0.8743090569561158
partition,UCI-489,2,0.8,0.875,0.8743090569561158
partition,UCI-489,2,0.9,0.8875,0.8869561157796453
partition,UCI-489,2,1.0,0.625,0.6208403361344539
partition,UCI-489,3,0.0,0.8375,0.8361624649859944
partition,UCI-489,3,0.1,0.8375,0.8361624649859944
partition,UCI-489,3,0.2,0.8375,0.8361624649859944
partition,UCI-489,3,0.3,0.85,0.8488095238095237
partition,UCI-489,3,0.4,0.85,0.8488095238095237
partition,UCI-489,3,0.5,0.85,0.8488095238095237
partition,UCI-489,3,0.6,0.85,0.8488095238095237
partition,UCI-489,3,0.7,0.8625,0.8619561157796453
partition,UCI-489,3,0.8,0.8125,0.8119561157796452
partition,UCI-489,3,0.9,0.8,0.7990102707749767
partition,UCI-489,3,1.0,0.625,0.614998582428923
partition,UCI-489,4,0.0,0.85,0.8488095238095237
partition,UCI-489,4,0.1,0.85,0.8488095238095237
partition,UCI-489,4,0.2,0.8375,0.8362605042016806
partition,UCI-489,4,0.3,0.8375,0.8362605042016806
partition,UCI-489,4,0.4,0.8375,0.8362605042016806
partition,UCI-489,4,0.5,0.8375,0.8362605042016806
partition,UCI-489,4,0.6,0.85,0.8486134453781513
partition,UCI-489,4,0.7,0.85,0.8482904659839644
partition,UCI-489,4,0.8,0.8375,0.8359375248074938
partition,UCI-489,4,0.9,0.825,0.8239122315592905
partition,UCI-489,4,1.0,0.6625,0.6579490959676718
partition,UCI-489,5,0.0,0.8625,0.8612605042016807
partition,UCI-489,5,0.1,0.85,0.8483146591970121
partition,UCI-489,5,0.2,0.85,0.8483146591970121
partition,UCI-489,5,0.3,0.85,0.8483146591970121
partition,UCI-489,5,0.4,0.85,0.8483146591970121
partition,UCI-489,5,0.5,0.85,0.8483146591970121
partition,UCI-489,5,0.6,0.85,0.8483146591970121
partition,UCI-489,5,0.7,0.85,0.8483146591970121
partition,UCI-489,5,0.8,0.85,0.8483146591970121
partition,UCI-489,5,0.9,0.8375,0.8366619981325863
partition,UCI-489,5,1.0,0.6125,0.5882620303672935
partition,UCI-489,6,0.0,0.825,0.82025125029769
partition,UCI-489,6,0.1,0.825,0.82025125029769
partition,UCI-489,6,0.2,0.8375,0.8337208216619981
partition,UCI-489,6,0.3,0.825,0.82025125029769
partition,UCI-489,6,0.4,0.825,0.82025125029769
partition,UCI-489,6,0.5,0.825,0.82025125029769
partition,UCI-489,6,0.6,0.825,0.82025125029769
partition,UCI-489,6,0.7,0.825,0.82025125029769
partition,UCI-489,6,0.8,0.8125,0.8075061522584743
partition,UCI-489,6,0.9,0.7875,0.778928357504209
partition,UCI-489,6,1.0,0.65,0.6225176131058483
partition,UCI-489,7,0.0,0.85,0.8490102707749767
partition,UCI-489,7,0.1,0.85,0.8490102707749767
partition,UCI-489,7,0.2,0.85,0.8490102707749767
partition,UCI-489,7,0.3,0.8625,0.8613632119514472
partition,UCI-489,7,0.4,0.875,0.8739122315592903
partition,UCI-489,7,0.5,0.875,0.8739122315592903
partition,UCI-489,7,0.6,0.875,0.8739122315592903
partition,UCI-489,7,0.7,0.875,0.8739122315592903
partition,UCI-489,7,0.8,0.875,0.8739122315592903
partition,UCI-489,7,0.9,0.8875,0.8855406994106685
partition,UCI-489,7,1.0,0.675,0.6532890501311555
partition,UCI-489,8,0.0,0.85,0.849407096171802
partition,UCI-489,8,0.1,0.85,0.849407096171802
partition,UCI-489,8,0.2,0.85,0.849407096171802
partition,UCI-489,8,0.3,0.85,0.849407096171802
partition,UCI-489,8,0.4,0.85,0.849407096171802
partition,UCI-489,8,0.5,0.8625,0.8620541549953316
partition,UCI-489,8,0.6,0.8625,0.8620541549953316
partition,UCI-489,8,0.7,0.8625,0.8620541549953316
partition,UCI-489,8,0.8,0.8375,0.8366573295985061
partition,UCI-489,8,0.9,0.8,0.7983885051996508
partition,UCI-489,8,1.0,0.6125,0.5994792410891483
partition,UCI-489,9,0.0,0.8375,0.8347470486170178
partition,UCI-489,9,0.1,0.8375,0.8347470486170178
partition,UCI-489,9,0.2,0.8375,0.8347470486170178
partition,UCI-489,9,0.3,0.8375,0.8347470486170178
partition,UCI-489,9,0.4,0.8375,0.8347470486170178
partition,UCI-489,9,0.5,0.85,0.8478936405871391
partition,UCI-489,9,0.6,0.8625,0.8613632119514472
partition,UCI-489,9,0.7,0.8625,0.8613632119514472
partition,UCI-489,9,0.8,0.8625,0.8613632119514472
partition,UCI-489,9,0.9,0.8125,0.8113632119514472
partition,UCI-489,9,1.0,0.625,0.6074280621339445
partition,UCI-489,10,0.0,0.8625,0.8613632119514472
partition,UCI-489,10,0.1,0.85,0.8490102707749767
partition,UCI-489,10,0.2,0.8375,0.8366573295985061
partition,UCI-489,10,0.3,0.8375,0.8366573295985061
partition,UCI-489,10,0.4,0.85,0.8490102707749767
partition,UCI-489,10,0.5,0.85,0.8490102707749767
partition,UCI-489,10,0.6,0.85,0.8490102707749767
partition,UCI-489,10,0.7,0.8625,0.862156862745098
partition,UCI-489,10,0.8,0.85,0.8490102707749767
partition,UCI-489,10,0.9,0.825,0.8237161531279178
partition,UCI-489,10,1.0,0.6375,0.6216262031741909
partition,UCI-489,11,0.0,0.825,0.819359560288353
partition,UCI-489,11,0.1,0.825,0.819359560288353
partition,UCI-489,11,0.2,0.8125,0.8070066191118823
partition,UCI-489,11,0.3,0.825,0.819359560288353
partition,UCI-489,11,0.4,0.825,0.819359560288353
partition,UCI-489,11,0.5,0.8375,0.8316097937150569
partition,UCI-489,11,0.6,0.8375,0.8316097937150569
partition,UCI-489,11,0.7,0.8625,0.8589245360762388
partition,UCI-489,11,0.8,0.85,0.8460767302872565
partition,UCI-489,11,0.9,0.825,0.819359560288353
partition,UCI-489,11,1.0,0.6875,0.6704517120306595
partition,UCI-489,12,0.0,0.8375,0.8367600373482726
partition,UCI-489,12,0.1,0.8375,0.8367600373482726
partition,UCI-489,12,0.2,0.8375,0.8367600373482726
partition,UCI-489,12,0.3,0.8375,0.8366619981325863
partition,UCI-489,12,0.4,0.8375,0.8366619981325863
partition,UCI-489,12,0.5,0.8375,0.8369561157796452
partition,UCI-489,12,0.6,0.8375,0.8369561157796452
partition,UCI-489,12,0.7,0.85,0.8494070961718021
partition,UCI-489,12,0.8,0.85,0.8493090569561158
partition,UCI-489,12,0.9,0.8375,0.8354426601949821
partition,UCI-489,12,1.0,0.675,0.6602443170864223
partition,UCI-489,13,0.0,0.85,0.8477909328373725
partition,UCI-489,13,0.1,0.85,0.8477909328373725
partition,UCI-489,13,0.2,0.85,0.8477909328373725
partition,UCI-489,13,0.3,0.85,0.8477909328373725
partition,UCI-489,13,0.4,0.85,0.8477909328373725
partition,UCI-489,13,0.5,0.85,0.8477909328373725
partition,UCI-489,13,0.6,0.875,0.8738095238095237
partition,UCI-489,13,0.7,0.875,0.8738095238095237
partition,UCI-489,13,0.8,0.875,0.8734865444153369
partition,UCI-489,13,0.9,0.85,0.8485845836310233
partition,UCI-489,13,1.0,0.6875,0.6753688141923437
partition,UCI-489,14,0.0,0.8625,0.8620541549953314
partition,UCI-489,14,0.1,0.85,0.8496031746031747
partition,UCI-489,14,0.2,0.85,0.8496031746031747
partition,UCI-489,14,0.3,0.85,0.8496031746031747
partition,UCI-489,14,0.4,0.85,0.8496031746031747
partition,UCI-489,14,0.5,0.85,0.8496031746031747
partition,UCI-489,14,0.6,0.85,0.8496031746031747
partition,UCI-489,14,0.7,0.85,0.8496031746031747
partition,UCI-489,14,0.8,0.8375,0.8368580765639588
partition,UCI-489,14,0.9,0.8,0.7997058823529412
partition,UCI-489,14,1.0,0.65,0.632049062049062
partition,UCI-489,15,0.0,0.85,0.8482904659839644
partition,UCI-489,15,0.1,0.85,0.8482904659839644
partition,UCI-489,15,0.2,0.85,0.8482904659839644
partition,UCI-489,15,0.3,0.85,0.8482904659839644
partition,UCI-489,15,0.4,0.8625,0.8609375248074939
partition,UCI-489,15,0.5,0.8625,0.8609375248074939
partition,UCI-489,15,0.6,0.8625,0.8609375248074939
partition,UCI-489,15,0.7,0.8625,0.8609375248074939
partition,UCI-489,15,0.8,0.8625,0.8609375248074939
partition,UCI-489,15,0.9,0.8375,0.835143874013843
partition,UCI-489,15,1.0,0.7,0.6908906882591094
partition,UCI-489,16,0.0,0.8625,0.8620541549953314
partition,UCI-489,16,0.1,0.8625,0.8620541549953314
partition,UCI-489,16,0.2,0.8625,0.8620541549953314
partition,UCI-489,16,0.3,0.8625,0.8620541549953314
partition,UCI-489,16,0.4,0.8625,0.8620541549953314
partition,UCI-489,16,0.5,0.8625,0.8620541549953314
partition,UCI-489,16,0.6,0.8625,0.8620541549953314
partition,UCI-489,16,0.7,0.875,0.8749019607843138
partition,UCI-489,16,0.8,0.8625,0.8622549019607844
partition,UCI-489,16,0.9,0.8625,0.8616573295985059
partition,UCI-489,16,1.0,0.6875,0.6822408963585435
partition,UCI-489,17,0.0,0.825,0.8232166199813259
partition,UCI-489,17,0.1,0.825,0.8240102707749767
partition,UCI-489,17,0.2,0.8375,0.8363632119514472
partition,UCI-489,17,0.3,0.8375,0.8363632119514472
partition,UCI-489,17,0.4,0.825,0.8240102707749767
partition,UCI-489,17,0.5,0.8375,0.837156862745098
partition,UCI-489,17,0.6,0.85,0.8494070961718021
partition,UCI-489,17,0.7,0.8375,0.8362605042016806
partition,UCI-489,17,0.8,0.825,0.8234126984126984
partition,UCI-489,17,0.9,0.8375,0.8358636788048553
partition,UCI-489,17,1.0,0.625,0.5913814128917105
partition,UCI-489,18,0.0,0.85,0.8482166199813259
partition,UCI-489,18,0.1,0.85,0.8482166199813259
partition,UCI-489,18,0.2,0.85,0.8482166199813259
partition,UCI-489,18,0.3,0.8625,0.8613632119514472
partition,UCI-489,18,0.4,0.85,0.8491129785247432
partition,UCI-489,18,0.5,0.85,0.8491129785247432
partition,UCI-489,18,0.6,0.85,0.8491129785247432
partition,UCI-489,18,0.7,0.8625,0.8619607843137255
partition,UCI-489,18,0.8,0.8625,0.8619607843137255
partition,UCI-489,18,0.9,0.85,0.8491129785247432
partition,UCI-489,18,1.0,0.65,0.640859010270775
partition,UCI-489,19,0.0,0.8625,0.8601438740138431
partition,UCI-489,19,0.1,0.8625,0.8601438740138431
partition,UCI-489,19,0.2,0.8625,0.8601438740138431
partition,UCI-489,19,0.3,0.85,0.8475948544059999
partition,UCI-489,19,0.4,0.85,0.8475948544059999
partition,UCI-489,19,0.5,0.8625,0.8609375248074939
partition,UCI-489,19,0.6,0.8625,0.8609375248074939
partition,UCI-489,19,0.7,0.85,0.8482904659839644
partition,UCI-489,19,0.8,0.825,0.8216839232319109
partition,UCI-489,19,0.9,0.85,0.8479178338001867
partition,UCI-489,19,1.0,0.65,0.6193245739618065
partition,PD-252,0,0.0,0.7022276324907903,0.70756368797747
partition,PD-252,0,0.1,0.7102646168435642,0.7183414657552478
partition,PD-252,0,0.2,0.7102646168435642,0.7183414657552478
partition,PD-252,0,0.3,0.7208620563883723,0.734523514172637
partition,PD-252,0,0.4,0.7261963380384433,0.7422077246989527
partition,PD-252,0,0.5,0.7365913484334536,0.7528794799868826
partition,PD-252,0,0.6,0.7282580151001204,0.7453911963407043
partition,PD-252,0,0.7,0.7155761024182079,0.7356545996041076
partition,PD-252,0,0.8,0.7098743480322428,0.73221968859597
partition,PD-252,0,0.9,0.7000975672028305,0.7300926808387512
partition,PD-252,0,1.0,0.6271555968924389,0.6440096129547911
partition,PD-252,1,0.0,0.6990152095415254,0.6987223263929037
partition,PD-252,1,0.1,0.7043494911915964,0.7057413818933008
partition,PD-252,1,0.2,0.7069810701389649,0.7099909298137348
partition,PD-252,1,0.3,0.7096126490863333,0.7145068492419349
partition,PD-252,1,0.4,0.7199365357260094,0.72414312699347
partition,PD-252,1,0.5,0.7149469307364045,0.7212055694133852
partition,PD-252,1,0.6,0.7176496334391071,0.7244511834484728
partition,PD-252,1,0.7,0.7069582740635373,0.716431854125861
partition,PD-252,1,0.8,0.7045291242659664,0.7135513171127961
partition,PD-252,1,0.9,0.6921918882445197,0.7077034023829156
partition,PD-252,1,1.0,0.611628733997155,0.6184209616915399
partition,PD-252,2,0.0,0.7269987598934968,0.7360365774576302
partition,PD-252,2,0.1,0.7269987598934968,0.7360365774576302
partition,PD-252,2,0.2,0.7348934967356021,0.7480936533848215
partition,PD-252,2,0.3,0.7375961994383047,0.7520994683174098
partition,PD-252,2,0.4,0.724914286756392,0.7420382649387227
partition,PD-252,2,0.5,0.7275458657037605,0.7464265926603837
partition,PD-252,2,0.6,0.741213480687165,0.7624298526853829
partition,PD-252,2,0.7,0.7310920231972864,0.7550684618404513
partition,PD-252,2,0.8,0.7209705657074077,0.7466373710503117
partition,PD-252,2,0.9,0.7263048473574789,0.7551975934928798
partition,PD-252,2,1.0,0.6430389904074113,0.6582206555908319
partition,PD-252,3,0.0,0.7124092716197978,0.7175821338082728
partition,PD-252,3,0.1,0.7203751322172375,0.7294900442951308
partition,PD-252,3,0.2,0.7126828245249298,0.7220583386864851
partition,PD-252,3,0.3,0.6999297880876828,0.7088651352507325
partition,PD-252,3,0.4,0.7105983513878251,0.7247852654637691
partition,PD-252,3,0.5,0.7105983513878251,0.7247852654637691
partition,PD-252,3,0.6,0.7029771674508517,0.7144070004670184
partition,PD-252,3,0.7,0.7033218441113178,0.7201373988330511
partition,PD-252,3,0.8,0.6905688076740708,0.7101367411309087
partition,PD-252,3,0.9,0.685923879344932,0.7073391099993834
partition,PD-252,3,1.0,0.6200331910858227,0.6336665721308375
partition,PD-252,4,0.0,0.6859995623153518,0.6819815137555383
partition,PD-252,4,0.1,0.6970355983513878,0.6927797441666722
partition,PD-252,4,0.2,0.7100621876937667,0.706681389586976
partition,PD-252,4,0.3,0.7180280482912063,0.7176468512841511
partition,PD-252,4,0.4,0.7236358828464091,0.725670625193845
partition,PD-252,4,0.5,0.7179341284604442,0.7215396253919591
partition,PD-252,4,0.6,0.7129445234708391,0.7181935136903164
partition,PD-252,4,0.7,0.720636831163147,0.7258489758751904
partition,PD-252,4,0.8,0.7131469526206369,0.7255817866344183
partition,PD-252,4,0.9,0.7000264434474961,0.7207238441569895
partition,PD-252,4,1.0,0.6221659919028341,0.6266938613707991
partition,PD-252,5,0.0,0.7342670605828501,0.7396619714209782
partition,PD-252,5,0.1,0.7447933763723238,0.7555484448470937
partition,PD-252,5,0.2,0.737101068680016,0.7456245057704288
partition,PD-252,5,0.3,0.7294087609877083,0.735437764407217
partition,PD-252,5,0.4,0.7167268483057956,0.726170401335506
partition,PD-252,5,0.5,0.7217164532954007,0.7295062532473073
partition,PD-252,5,0.6,0.7217164532954007,0.7295062532473073
partition,PD-252,5,0.7,0.7320403399350768,0.7433066304485358
partition,PD-252,5,0.8,0.732516321990006,0.751216976274683
partition,PD-252,5,0.9,0.7037376445271182,0.7237806687445489
partition,PD-252,5,1.0,0.6206742167268482,0.6327686744359703
partition,PD-252,6,0.0,0.7280902359849728,0.7256736460134292
partition,PD-252,6,0.1,0.7360560965824124,0.7360568761885379
partition,PD-252,6,0.2,0.7336980705401758,0.7378540542047866
partition,PD-252,6,0.3,0.7391034759455812,0.746049626279619
partition,PD-252,6,0.4,0.7445088813509866,0.7550726805757075
partition,PD-252,6,0.5,0.7368165736586789,0.7479498735581637
partition,PD-252,6,0.6,0.7241346609767663,0.7368463199794245
partition,PD-252,6,0.7,0.7346609767662399,0.7539857427750594
partition,PD-252,6,0.8,0.7002516686727213,0.7230103417283236
partition,PD-252,6,0.9,0.7025868986395303,0.7293422873503654
partition,PD-252,6,1.0,0.6270844731371048,0.6446750188132746
partition,PD-252,7,0.0,0.7519878177772914,0.7622945385547703
partition,PD-252,7,0.1,0.7572509756720283,0.7704099414070152
partition,PD-252,7,0.2,0.7495586679797206,0.76245117437483
partition,PD-252,7,0.3,0.7445690629901157,0.7601836057845104
partition,PD-252,7,0.4,0.7368767552978079,0.7514911920191734
partition,PD-252,7,0.5,0.7422821607032133,0.7595143250423064
partition,PD-252,7,0.6,0.7372925557136083,0.757234717499541
partition,PD-252,7,0.7,0.7322318269686691,0.7548651721897336
partition,PD-252,7,0.8,0.7164797388481599,0.7420004018659874
partition,PD-252,7,0.9,0.670397016449648,0.68793591099699
partition,PD-252,7,1.0,0.6282954006638217,0.6380873955894355
partition,PD-252,8,0.0,0.7255069847175111,0.7309636544664642
partition,PD-252,8,0.1,0.7308412663675823,0.7391370420597758
partition,PD-252,8,0.2,0.7231489586752746,0.7330719675015507
partition,PD-252,8,0.3,0.7130986249407302,0.7274914116063494
partition,PD-252,8,0.4,0.7157302038880987,0.7317035680136278
partition,PD-252,8,0.5,0.7157302038880987,0.7305108291302497
partition,PD-252,8,0.6,0.7236960644855382,0.7430078260456053
partition,PD-252,8,0.7,0.7263276434329066,0.7449866008754287
partition,PD-252,8,0.8,0.6898566582777107,0.709652839345934
partition,PD-252,8,0.9,0.6851406061932378,0.7101579702171954
partition,PD-252,8,1.0,0.6250227960754277,0.6405759829405648
partition,PD-252,9,0.0,0.7373864755443703,0.7433693096664165
partition,PD-252,9,0.1,0.7554737936316884,0.7630917758288289
partition,PD-252,9,0.2,0.7581053725790567,0.767385977316206
partition,PD-252,9,0.3,0.7504130648867491,0.7620776402443068
partition,PD-252,9,0.4,0.7531157675894518,0.7661031505989311
partition,PD-252,9,0.5,0.7558184702921545,0.7703498588456393
partition,PD-252,9,0.6,0.752748294853558,0.7728963243383581
partition,PD-252,9,0.7,0.7394253565306197,0.7632123314829289
partition,PD-252,9,0.8,0.7294461465514097,0.756143165531463
partition,PD-252,9,0.9,0.7110624794835323,0.7392913305817812
partition,PD-252,9,1.0,0.6354889302257722,0.6485218240618396
partition,PD-252,10,0.0,0.7140469416785207,0.7143383857905914
partition,PD-252,10,0.1,0.7270024072655652,0.7285083999713302
partition,PD-252,10,0.2,0.7348971441076705,0.741275763585846
partition,PD-252,10,0.3,0.7375287230550388,0.7459378634996622
partition,PD-252,10,0.4,0.7120226501805449,0.7223646156969449
partition,PD-252,10,0.5,0.7070330451909399,0.7196042181997052
partition,PD-252,10,0.6,0.7070330451909399,0.7196042181997052
partition,PD-252,10,0.7,0.7073065980960718,0.7249454132365526
partition,PD-252,10,0.8,0.7073777218514061,0.7249518814518815
partition,PD-252,10,0.9,0.7122734070102491,0.7351680838337546
partition,PD-252,10,1.0,0.6174016121384542,0.6247202118626152
partition,PD-252,11,0.0,0.7079065908013277,0.7194513326232119
partition,PD-252,11,0.1,0.7079065908013277,0.7194513326232119
partition,PD-252,11,0.2,0.6977851333114492,0.7135305730952604
partition,PD-252,11,0.3,0.703048291206186,0.7214946885317275
partition,PD-252,11,0.4,0.7056798701535543,0.7251522940840699
partition,PD-252,11,0.5,0.703048291206186,0.7214946885317275
partition,PD-252,11,0.6,0.6979875624612467,0.7168849358382641
partition,PD-252,11,0.7,0.7033218441113178,0.7245398814697037
partition,PD-252,11,0.8,0.71399040741146,0.7413143715225067
partition,PD-252,11,0.9,0.6935450632819053,0.7182412641529785
partition,PD-252,11,1.0,0.6233057956742167,0.6341396603460946
partition,PD-252,12,0.0,0.7278531568005253,0.7378407664036953
partition,PD-252,12,0.1,0.7382481671955355,0.7483030074961832
partition,PD-252,12,0.2,0.7382481671955355,0.7483030074961832
partition,PD-252,12,0.3,0.7299148338622024,0.7408819548646042
partition,PD-252,12,0.4,0.7094694897326477,0.7219097581797811
partition,PD-252,12,0.5,0.7094694897326477,0.7219097581797811
partition,PD-252,12,0.6,0.7070403399350769,0.7204777280997263
partition,PD-252,12,0.7,0.6989805595068753,0.7163498771566544
partition,PD-252,12,0.8,0.7011735419630156,0.7214807763777852
partition,PD-252,12,0.9,0.6930426377794798,0.7153839848412256
partition,PD-252,12,1.0,0.6213827187511398,0.6372894858875935
partition,PD-252,13,0.0,0.7235164314111683,0.7271905602185416
partition,PD-252,13,0.1,0.7004395083342452,0.7040626359611887
partition,PD-252,13,0.2,0.7003683845789109,0.7046820177520072
partition,PD-252,13,0.3,0.7057737899843163,0.7119216096287054
partition,PD-252,13,0.4,0.718800379326695,0.7255179268318187
partition,PD-252,13,0.5,0.726837363679469,0.7397926721418377
partition,PD-252,13,0.6,0.7212067330488383,0.7368103225265766
partition,PD-252,13,0.7,0.7155049786628733,0.7326620209059234
partition,PD-252,13,0.8,0.7048136192873035,0.7239050757060381
partition,PD-252,13,0.9,0.7154110588321114,0.7403855367954033
partition,PD-252,13,1.0,0.6321452018820439,0.6471652888797795
partition,PD-252,14,0.0,0.7609092898566583,0.763084907180477
partition,PD-252,14,0.1,0.7552075354706933,0.7603727947751888
partition,PD-252,14,0.2,0.7554099646204909,0.7642146546696804
partition,PD-252,14,0.3,0.75298081482292,0.7644421432305023
partition,PD-252,14,0.4,0.7452885071306125,0.7579194148218089
partition,PD-252,14,0.5,0.7402277783856731,0.7542709240210905
partition,PD-252,14,0.6,0.724914286756392,0.739229518058632
partition,PD-252,14,0.7,0.7122323740744794,0.7260295925780047
partition,PD-252,14,0.8,0.7125059269796112,0.7280569897771975
partition,PD-252,14,0.9,0.7026580223948644,0.7267814005342829
partition,PD-252,14,1.0,0.6591357551883867,0.6764582201132013
partition,PD-252,15,0.0,0.7282999598789073,0.7244984155407386
partition,PD-252,15,0.1,0.7336342415289784,0.7320180832178023
partition,PD-252,15,0.2,0.7312762154867418,0.7341505100865836
partition,PD-252,15,0.3,0.7391709523288471,0.7458029958729853
partition,PD-252,15,0.4,0.7187256081992924,0.7268355990738025
partition,PD-252,15,0.5,0.7264179158916001,0.7323789103674644
partition,PD-252,15,0.6,0.7290494948389685,0.7363450379096754
partition,PD-252,15,0.7,0.7343837764890397,0.7443633229144518
partition,PD-252,15,0.8,0.7143542327752854,0.7364496873356292
partition,PD-252,15,0.9,0.7087236021446548,0.7301634328186337
partition,PD-252,15,1.0,0.6321452018820439,0.6500047768104111
partition,PD-252,16,0.0,0.7075619141408616,0.7084494935084148
partition,PD-252,16,0.1,0.7102646168435641,0.7122836754247885
partition,PD-252,16,0.2,0.7128961957909327,0.7162646859244575
partition,PD-252,16,0.3,0.715527774738301,0.7203876660474376
partition,PD-252,16,0.4,0.720790932633038,0.72738229088831
partition,PD-252,16,0.5,0.7157302038880986,0.7256889955094715
partition,PD-252,16,0.6,0.6900217018638071,0.7003994053527928
partition,PD-252,16,0.7,0.7080378961957909,0.7195200228567344
partition,PD-252,16,0.8,0.7112877047087574,0.7308257143579902
partition,PD-252,16,0.9,0.6818680016048437,0.7018992909102023
partition,PD-252,16,1.0,0.6109165846007951,0.6178171995203459
partition,PD-252,17,0.0,0.7223766276397855,0.7293608157599385
partition,PD-252,17,0.1,0.7223766276397855,0.7293608157599385
partition,PD-252,17,0.2,0.7276397855345225,0.7364497279849631
partition,PD-252,17,0.3,0.7380347959295328,0.7463861712912057
partition,PD-252,17,0.4,0.735605646131962,0.7462129267406461
partition,PD-252,17,0.5,0.7202210307473466,0.7322940104166953
partition,PD-252,17,0.6,0.7048364153627311,0.7155572136854429
partition,PD-252,17,0.7,0.6947149578728526,0.7094879744840306
partition,PD-252,17,0.8,0.7055257686836633,0.7253644660434003
partition,PD-252,17,0.9,0.6813692234744867,0.7012691986376197
partition,PD-252,17,1.0,0.61818123791808,0.6249838935340841
partition,PD-252,18,0.0,0.7372515227778386,0.7463044794623742
partition,PD-252,18,0.1,0.7449438304701462,0.7523783109022897
partition,PD-252,18,0.2,0.7449438304701462,0.7523783109022897
partition,PD-252,18,0.3,0.7502781121202172,0.7603349735025868
partition,PD-252,18,0.4,0.7425858044279096,0.7541361723037856
partition,PD-252,18,0.5,0.7161651530072582,0.7272031632313383
partition,PD-252,18,0.6,0.711104424262319,0.7238107020339991
partition,PD-252,18,0.7,0.7137360032096874,0.7275824304396434
partition,PD-252,18,0.8,0.7109393806762228,0.7300944731901201
partition,PD-252,18,0.9,0.685777984462195,0.708413444192058
partition,PD-252,18,1.0,0.5955319692161798,0.5999889706036743
partition,PD-252,19,0.0,0.7670906736696211,0.7716194964455834
partition,PD-252,19,0.1,0.7593983659773132,0.7642205620466489
partition,PD-252,19,0.2,0.741584600795127,0.7511417679225898
partition,PD-252,19,0.3,0.741584600795127,0.7511417679225898
partition,PD-252,19,0.4,0.7545400663821715,0.7666170166170165
partition,PD-252,19,0.5,0.7462067330488382,0.7607403707403707
partition,PD-252,19,0.6,0.7488383119962068,0.7640083053374193
partition,PD-252,19,0.7,0.7401375059269796,0.7643480472393718
partition,PD-252,19,0.8,0.7275868986395302,0.754545664065396
partition,PD-252,19,0.9,0.7038689499215816,0.7312019654013554
partition,PD-252,19,1.0,0.6270844731371048,0.6451156019785048
