cohort,partition_seed,variant,method,balanced_accuracy,balanced_accuracy_se,macro_f1,macro_f1_se
PD-252,0,with_gender,Adaptive_Subspace_Fusion,0.799209432104169,0.02238387762378168,0.80334214285197,0.024092039299676345
PD-252,0,with_gender,Balanced_LinearSVM,0.7541315607105081,0.020995384786312514,0.763044542914549,0.02585794537347505
PD-252,0,with_gender,Balanced_LogReg,0.7695872998504577,0.023540741718971508,0.7768439833528389,0.029256953507290837
PD-252,0,with_gender,Balanced_RandomForest,0.6508735456103877,0.01772007599698495,0.6712688674797221,0.020638741190521705
PD-252,0,with_gender,Euclidean_RBF_GSMOTE,0.766978516978517,0.01224896003818861,0.760161154265085,0.016379344955210547
PD-252,0,with_gender,Fused_Grassmann_GSMOTE,0.7544279096910675,0.01397921236671069,0.7559877257245678,0.015833064427320912
PD-252,0,with_gender,PLS_DA,0.7382116934748514,0.021444227981126725,0.7339418599418599,0.02358810853568355
PD-252,0,with_gender,SMOTE_LogReg,0.7695872998504577,0.022440125517249963,0.7767379139836116,0.028079852840605827
PD-252,0,without_gender,Adaptive_Subspace_Fusion,0.7888144217091586,0.019388295610574237,0.7929471324569597,0.021835159088387922
PD-252,0,without_gender,Balanced_LinearSVM,0.7594658423605792,0.019492532415501793,0.7709648052939192,0.023755370160869343
PD-252,0,without_gender,Balanced_LogReg,0.7645265711055185,0.021647309763707153,0.7744437169525726,0.027829627537956775
PD-252,0,without_gender,Balanced_RandomForest,0.64318123791808,0.012926568342219173,0.6630419994967567,0.015855580463701006
PD-252,0,without_gender,Euclidean_RBF_GSMOTE,0.7565123828281723,0.01803289379211046,0.7490202020202019,0.01987121135822866
PD-252,0,without_gender,Fused_Grassmann_GSMOTE,0.7441040230513916,0.01000990290274827,0.7456638390848916,0.01278739179202893
PD-252,0,without_gender,PLS_DA,0.745904001167159,0.020784817314557436,0.7400156913817754,0.02245623246704609
PD-252,0,without_gender,SMOTE_LogReg,0.7645265711055185,0.021647309763707153,0.7744437169525726,0.027829627537956775
PD-252,1,with_gender,Adaptive_Subspace_Fusion,0.7672411277674436,0.03635842218697993,0.7701125251971934,0.03529414569021698
PD-252,1,with_gender,Balanced_LinearSVM,0.7011480103585367,0.03845518205754323,0.7092583867248005,0.03652171329958377
PD-252,1,with_gender,Balanced_LogReg,0.7084956413903784,0.0423949122366525,0.7131191174669436,0.04152194415129538
PD-252,1,with_gender,Balanced_RandomForest,0.6275121275121276,0.026033454448186916,0.6415265127029832,0.03873990542521202
PD-252,1,with_gender,Euclidean_RBF_GSMOTE,0.7373308531203268,0.04327128922233196,0.7091554722385189,0.03469510499437958
PD-252,1,with_gender,Fused_Grassmann_GSMOTE,0.7382828172301857,0.04763585138178138,0.7274909774268845,0.042440153527927335
PD-252,1,with_gender,PLS_DA,0.7609922675712151,0.03648030963664566,0.7567104267850755,0.035607837616233845
PD-252,1,with_gender,SMOTE_LogReg,0.7008033336980706,0.04217616259893489,0.7056628056628057,0.040711580961367635
PD-252,1,without_gender,Adaptive_Subspace_Fusion,0.7590017142648723,0.030441226598934376,0.75208647630466,0.026723003502812308
PD-252,1,without_gender,Balanced_LinearSVM,0.7011480103585367,0.03845518205754323,0.7092583867248005,0.03652171329958377
PD-252,1,without_gender,Balanced_LogReg,0.6931110260057629,0.043343649994623125,0.6976328609240002,0.041352398701035104
PD-252,1,without_gender,Balanced_RandomForest,0.6148302148302148,0.024789817530681657,0.625858087421015,0.037057118755493744
PD-252,1,without_gender,Euclidean_RBF_GSMOTE,0.744880913301966,0.042637065814397634,0.7155313106059173,0.03338747583285013
PD-252,1,without_gender,Fused_Grassmann_GSMOTE,0.7460462486778277,0.053834237451464484,0.7297561445619147,0.04881586033224685
PD-252,1,without_gender,PLS_DA,0.7457498996972682,0.040915465866997,0.740634732498855,0.035500770193028115
PD-252,1,without_gender,SMOTE_LogReg,0.7008033336980706,0.04217616259893489,0.7056628056628057,0.040711580961367635
PD-252,2,with_gender,Adaptive_Subspace_Fusion,0.8117454499033446,0.03712294441261168,0.8099941409872917,0.031106490200739797
PD-252,2,with_gender,Balanced_LinearSVM,0.7718632600211548,0.0296536506134313,0.7769177991874787,0.024768834300805787
PD-252,2,with_gender,Balanced_LogReg,0.7913229018492176,0.021305350812231387,0.7856500688555483,0.01348251005654933
PD-252,2,with_gender,Balanced_RandomForest,0.6561367035051245,0.024046032279459003,0.6785775790754455,0.03135749453066773
PD-252,2,with_gender,Euclidean_RBF_GSMOTE,0.765827771090929,0.0323834496387475,0.7645899190109716,0.03231430837238172
PD-252,2,with_gender,Fused_Grassmann_GSMOTE,0.7687329029434293,0.02713381925140881,0.7741827387811526,0.027036778366395273
PD-252,2,with_gender,PLS_DA,0.7693028048291206,0.019650868647665867,0.77396784655899,0.016972827104071418
PD-252,2,with_gender,SMOTE_LogReg,0.788964875806981,0.019638565965348923,0.7884044260709479,0.0157848239575122
PD-252,2,without_gender,Adaptive_Subspace_Fusion,0.7668216799795747,0.03328939477793456,0.7634476750151069,0.031396646460403715
PD-252,2,without_gender,Balanced_LinearSVM,0.7768528650107598,0.031939999613207315,0.7796328918751114,0.028131908158129073
PD-252,2,without_gender,Balanced_LogReg,0.7863332968596126,0.022596227354943113,0.7833121693121694,0.014267552633337968
PD-252,2,without_gender,Balanced_RandomForest,0.6561367035051245,0.024746591352989004,0.6791508880862195,0.032519240619507284
PD-252,2,without_gender,Euclidean_RBF_GSMOTE,0.7741611044242623,0.025853651171797283,0.7715531899742427,0.026558365759820946
PD-252,2,without_gender,Fused_Grassmann_GSMOTE,0.7643843235948499,0.01908229581027812,0.7725540832310231,0.020482535691147618
PD-252,2,without_gender,PLS_DA,0.7828992960571908,0.016607324801105973,0.789266716262894,0.012420384559273748
PD-252,2,without_gender,SMOTE_LogReg,0.778640989167305,0.01885933127783154,0.7776968683107587,0.012708325567005003
PD-252,3,with_gender,Adaptive_Subspace_Fusion,0.7902469270890323,0.009058918483217998,0.7920492661911716,0.01618038980192713
PD-252,3,with_gender,Balanced_LinearSVM,0.7334017215596162,0.015430015972886625,0.7455079024214963,0.016321390207826626
PD-252,3,with_gender,Balanced_LogReg,0.7351898457161614,0.01733725698959339,0.7428915017610669,0.014474636904823307
PD-252,3,with_gender,Balanced_RandomForest,0.650660174344385,0.022554697492630515,0.6712386999005907,0.02938606734919768
PD-252,3,with_gender,Euclidean_RBF_GSMOTE,0.7493079111500165,0.03610012756678181,0.7488670237018584,0.036003148416748745
PD-252,3,with_gender,Fused_Grassmann_GSMOTE,0.7358910529963161,0.026714384388470253,0.749546637936798,0.028706467249675155
PD-252,3,with_gender,PLS_DA,0.7332220884852464,0.008612990832800073,0.7299578341683897,0.007343387795016961
PD-252,3,with_gender,SMOTE_LogReg,0.7250683882262828,0.013206375564941674,0.7377019952485004,0.012548189103256236
PD-252,3,without_gender,Adaptive_Subspace_Fusion,0.754285662180399,0.018550770187798778,0.7576275576275576,0.020752806746584068
PD-252,3,without_gender,Balanced_LinearSVM,0.7306990188569135,0.016344954053185878,0.7424366918220578,0.020253028384858002
PD-252,3,without_gender,Balanced_LogReg,0.7274975380238538,0.01363832459414596,0.7366054018960198,0.012383455429350591
PD-252,3,without_gender,Balanced_RandomForest,0.6480285953970164,0.013152125101128991,0.6705842790147372,0.01718683130803919
PD-252,3,without_gender,Euclidean_RBF_GSMOTE,0.7359138490717438,0.02723439571819227,0.7402296650717702,0.0301157152822717
PD-252,3,without_gender,Fused_Grassmann_GSMOTE,0.7227933398986031,0.029544410349063535,0.7342870499118347,0.03248338454635305
PD-252,3,without_gender,PLS_DA,0.7332220884852464,0.008612990832800073,0.7299578341683897,0.007343387795016961
PD-252,3,without_gender,SMOTE_LogReg,0.7248659590764854,0.014069351146107996,0.7323558539755857,0.01195609186314108
PD-252,4,with_gender,Adaptive_Subspace_Fusion,0.7751468067257541,0.013279426728253666,0.777761095935009,0.01318447509893875
PD-252,4,with_gender,Balanced_LinearSVM,0.7400964729912098,0.03438080796220776,0.7494455271577191,0.03329187468230818
PD-252,4,with_gender,Balanced_LogReg,0.7561932377721852,0.02050019524635293,0.7652573917310759,0.02092646181219469
PD-252,4,with_gender,Balanced_RandomForest,0.6599190283400811,0.04054777649507981,0.6686394892309308,0.06120479724662583
PD-252,4,with_gender,Euclidean_RBF_GSMOTE,0.7125852573220994,0.04084462849951522,0.7016084656084656,0.035153190539418185
PD-252,4,with_gender,Fused_Grassmann_GSMOTE,0.7148493635335741,0.042900295175231945,0.7101188625805789,0.03800597316199741
PD-252,4,with_gender,PLS_DA,0.7148156253419412,0.04108561140919439,0.7239448096217497,0.040384566541956504
PD-252,4,with_gender,SMOTE_LogReg,0.7588248167195535,0.02020841532746543,0.7691885132411448,0.02018578009869065
PD-252,4,without_gender,Adaptive_Subspace_Fusion,0.7656663748769013,0.03284478876691086,0.7712129158084029,0.031938579732948745
PD-252,4,without_gender,Balanced_LinearSVM,0.7537640879746144,0.0276527968110529,0.7655264926057731,0.02598831063448437
PD-252,4,without_gender,Balanced_LogReg,0.7534905350694825,0.021129773561941616,0.7610586918802021,0.021262595425465807
PD-252,4,without_gender,Balanced_RandomForest,0.6362010796221323,0.036047469764950525,0.6432409264003958,0.05673293747057604
PD-252,4,without_gender,Euclidean_RBF_GSMOTE,0.734016303753146,0.04849751008512005,0.7215727013884911,0.04204054427339791
PD-252,4,without_gender,Fused_Grassmann_GSMOTE,0.7258853995696101,0.041047534677079354,0.7199966133999773,0.03544916329490337
PD-252,4,without_gender,PLS_DA,0.7148156253419412,0.04108561140919439,0.7239448096217497,0.040384566541956504
PD-252,4,without_gender,SMOTE_LogReg,0.7665171244118613,0.020090406616200637,0.7762828681615868,0.021205588897637212
PD-252,5,with_gender,Adaptive_Subspace_Fusion,0.7803497829813619,0.01834050716078865,0.7821674455747194,0.025081236970296593
PD-252,5,with_gender,Balanced_LinearSVM,0.7526397855345224,0.037407930691335314,0.7579701363122415,0.03657746633998823
PD-252,5,with_gender,Balanced_LogReg,0.7650253492358755,0.028600002296068783,0.773394549046723,0.029666346986906064
PD-252,5,with_gender,Balanced_RandomForest,0.6518820439873071,0.016691801520575006,0.6703432578101077,0.018320748407484183
PD-252,5,with_gender,Euclidean_RBF_GSMOTE,0.7568570594886384,0.018948236777688313,0.755456731735378,0.022171475286531035
PD-252,5,with_gender,Fused_Grassmann_GSMOTE,0.7621913411387096,0.03217833738346579,0.7616481775692303,0.03176671628477893
PD-252,5,with_gender,PLS_DA,0.7495094284567968,0.027281620688755965,0.7522473816213302,0.027802589068357534
PD-252,5,with_gender,SMOTE_LogReg,0.7600357442462706,0.027770624913893583,0.7711424227945969,0.029328522706775842
PD-252,5,without_gender,Adaptive_Subspace_Fusion,0.7642530182003866,0.018398988587438093,0.7680955692420222,0.02342070186047882
PD-252,5,without_gender,Balanced_LinearSVM,0.7475790567895831,0.02995756474243877,0.7538878151246573,0.02659845427288936
PD-252,5,without_gender,Balanced_LogReg,0.7676569281832439,0.02599871886574784,0.7768930505452245,0.026196415633713263
PD-252,5,without_gender,Balanced_RandomForest,0.6394025604551918,0.025125647450039076,0.6547768665699211,0.03106361372478397
PD-252,5,without_gender,Euclidean_RBF_GSMOTE,0.7592862092862093,0.02257479530178369,0.7539574374914106,0.02491889486177076
PD-252,5,without_gender,Fused_Grassmann_GSMOTE,0.7648940438414122,0.03617172026024822,0.7668943639594569,0.03884719965422257
PD-252,5,without_gender,PLS_DA,0.7495094284567968,0.027281620688755965,0.7522473816213302,0.027802589068357534
PD-252,5,without_gender,SMOTE_LogReg,0.7599646204909363,0.02418709613983564,0.7703942160463901,0.024619883648326284
PD-252,6,with_gender,Adaptive_Subspace_Fusion,0.7851971404602984,0.033088609445951066,0.7843213323528987,0.036173538495904864
PD-252,6,with_gender,Balanced_LinearSVM,0.7384733924207609,0.023942041960786063,0.742293753714671,0.02226169060308456
PD-252,6,with_gender,Balanced_LogReg,0.7596910675858044,0.02452092604461701,0.7651407129816897,0.02482813641996777
PD-252,6,with_gender,Balanced_RandomForest,0.6154785352153773,0.02901264232754458,0.6226819129798828,0.0383799573977814
PD-252,6,with_gender,Euclidean_RBF_GSMOTE,0.7726693292482766,0.025487529726747376,0.7690193914829819,0.02625537334844778
PD-252,6,with_gender,Fused_Grassmann_GSMOTE,0.7706559798665061,0.04109397710119579,0.7778034561249663,0.044301233673077804
PD-252,6,with_gender,PLS_DA,0.7688076740708321,0.0418728485782394,0.7725141146903982,0.04257349784450811
PD-252,6,with_gender,SMOTE_LogReg,0.7519987598934967,0.027922775783774202,0.7576844011775519,0.027271632784132572
PD-252,6,without_gender,Adaptive_Subspace_Fusion,0.7775759565233249,0.033010498967827095,0.7774290489270153,0.034977664595104534
PD-252,6,without_gender,Balanced_LinearSVM,0.7494383047014626,0.026391857540044368,0.7535868084859867,0.02536757996767368
PD-252,6,without_gender,Balanced_LogReg,0.7596910675858044,0.02452092604461701,0.7651407129816897,0.02482813641996777
PD-252,6,without_gender,Balanced_RandomForest,0.6451717912244228,0.01846833966467814,0.666398936450505,0.02161394919302394
PD-252,6,without_gender,Euclidean_RBF_GSMOTE,0.7569400372031951,0.03190478140872162,0.751291683344315,0.03264733277175243
PD-252,6,without_gender,Fused_Grassmann_GSMOTE,0.7783482875588138,0.03347186282563631,0.7838331412772652,0.03655594961017936
PD-252,6,without_gender,PLS_DA,0.7789291315607105,0.039844335393827035,0.7769471639471639,0.04021009245820288
PD-252,6,without_gender,SMOTE_LogReg,0.7519987598934967,0.028743441014313892,0.7578777548794361,0.028383896702663017
PD-252,7,with_gender,Adaptive_Subspace_Fusion,0.7780036108983477,0.010218573805802836,0.7752135151558367,0.0056596178309209376
PD-252,7,with_gender,Balanced_LinearSVM,0.7302002407265565,0.020136456593947045,0.7422136897546914,0.024850356833363948
PD-252,7,with_gender,Balanced_LogReg,0.7699438304701463,0.013226607934829208,0.7751576499041309,0.014917989382699377
PD-252,7,with_gender,Balanced_RandomForest,0.6490854214538425,0.0189998263977034,0.6697499624489918,0.025573310856398135
PD-252,7,with_gender,Euclidean_RBF_GSMOTE,0.7674061713535397,0.02405735265217684,0.7579327990466893,0.021288379971512086
PD-252,7,with_gender,Fused_Grassmann_GSMOTE,0.7627503009081956,0.020487253701625446,0.7671452157613903,0.015899763941786625
PD-252,7,with_gender,PLS_DA,0.7490343582448846,0.01969805996336666,0.7448781451946085,0.02358561508193644
PD-252,7,with_gender,SMOTE_LogReg,0.7725754094175147,0.015172529237806582,0.7795562513027324,0.018125113179720917
PD-252,7,without_gender,Adaptive_Subspace_Fusion,0.7678821534084691,0.019841213679121766,0.7703823081116563,0.019562708664499894
PD-252,7,without_gender,Balanced_LinearSVM,0.7275686617791882,0.022528668687180342,0.7387819503229519,0.02796111911551445
PD-252,7,without_gender,Balanced_LogReg,0.7782771638034796,0.013400117987603374,0.7814706014225619,0.012321494779569613
PD-252,7,without_gender,Balanced_RandomForest,0.6553570777254987,0.030878397648712422,0.6730399501937873,0.03544258415641361
PD-252,7,without_gender,Euclidean_RBF_GSMOTE,0.7829932158879527,0.018287101937334023,0.7768452613415711,0.013029000282733495
PD-252,7,without_gender,Fused_Grassmann_GSMOTE,0.7499972644709488,0.020466836602084055,0.758687030221013,0.017447278169488066
PD-252,7,without_gender,PLS_DA,0.7490343582448846,0.01969805996336666,0.7448781451946085,0.02358561508193644
PD-252,7,without_gender,SMOTE_LogReg,0.7809087427508481,0.014961976333740083,0.7858692028211633,0.015617569448194746
PD-252,8,with_gender,Adaptive_Subspace_Fusion,0.7745769048400628,0.028374535189998246,0.7793446935483548,0.03453053793364473
PD-252,8,with_gender,Balanced_LinearSVM,0.6937520516467885,0.018292050157197447,0.7025097984127873,0.02413967892449902
PD-252,8,with_gender,Balanced_LogReg,0.721960827223985,0.019184398053725252,0.7250758177893711,0.02314930615170312
PD-252,8,with_gender,Balanced_RandomForest,0.6625506072874494,0.024538220733094192,0.6838427745845435,0.03113215844173988
PD-252,8,with_gender,Euclidean_RBF_GSMOTE,0.7538096801254695,0.014169583794158926,0.7449935198913025,0.011259634431136666
PD-252,8,with_gender,Fused_Grassmann_GSMOTE,0.7460462486778277,0.020106101639902382,0.7375896917303704,0.014301168142325418
PD-252,8,with_gender,PLS_DA,0.7535844549002444,0.0192323020084938,0.7504801189011715,0.018508959667449323
PD-252,8,with_gender,SMOTE_LogReg,0.7065762118393697,0.022732570003210117,0.7121414325253419,0.027427229232788414
PD-252,8,without_gender,Adaptive_Subspace_Fusion,0.7719453258926944,0.028665962139948886,0.7755729651427105,0.035420936792948124
PD-252,8,without_gender,Balanced_LinearSVM,0.6964547543494912,0.016719701705654993,0.7059162524627577,0.021922894043291723
PD-252,8,without_gender,Balanced_LogReg,0.721960827223985,0.019184398053725252,0.7250758177893711,0.02314930615170312
PD-252,8,without_gender,Balanced_RandomForest,0.6362010796221322,0.022650842961284393,0.6525855155833821,0.0299663823874496
PD-252,8,without_gender,Euclidean_RBF_GSMOTE,0.7558002334318124,0.02806980132691343,0.7473581619919913,0.02424230928890779
PD-252,8,without_gender,Fused_Grassmann_GSMOTE,0.7381287157602947,0.023254373792797968,0.7360823819569966,0.019057620696631392
PD-252,8,without_gender,PLS_DA,0.7535844549002444,0.0192323020084938,0.7504801189011715,0.018508959667449323
PD-252,8,without_gender,SMOTE_LogReg,0.7142685195316774,0.019114070332997796,0.7190812295704021,0.024579800180077133
PD-252,9,with_gender,Adaptive_Subspace_Fusion,0.7828281723018565,0.02825535232832068,0.7879890729313944,0.024305670014204434
PD-252,9,with_gender,Balanced_LinearSVM,0.7563363971258708,0.032443898328771176,0.7656734208539457,0.033777024462268296
PD-252,9,with_gender,Balanced_LogReg,0.7587655469234417,0.027539723729580894,0.7642553737264874,0.027484468727605463
PD-252,9,with_gender,Balanced_RandomForest,0.6567777291461502,0.03847022295875319,0.679636782423813,0.04841540145537116
PD-252,9,with_gender,Euclidean_RBF_GSMOTE,0.7518793084582558,0.020745499896787038,0.7460276314486841,0.014632034479097018
PD-252,9,with_gender,Fused_Grassmann_GSMOTE,0.7651794507057665,0.023856319875263328,0.766394671482246,0.020222060073415093
PD-252,9,with_gender,PLS_DA,0.7829448882080461,0.026458453275000043,0.7653662568045128,0.020234263246890753
PD-252,9,with_gender,SMOTE_LogReg,0.7614682496261443,0.02553532149928993,0.7678416786826554,0.024487436527583964
PD-252,9,without_gender,Adaptive_Subspace_Fusion,0.7645384250647409,0.022444274062199607,0.7653793521093448,0.018336826390077103
PD-252,9,without_gender,Balanced_LinearSVM,0.7563363971258708,0.032443898328771176,0.7656734208539457,0.033777024462268296
PD-252,9,without_gender,Balanced_LogReg,0.7587655469234417,0.027539723729580894,0.7642553737264874,0.027484468727605463
PD-252,9,without_gender,Balanced_RandomForest,0.6464538425064741,0.04107196904960899,0.666358548649683,0.05119067024517761
PD-252,9,without_gender,Euclidean_RBF_GSMOTE,0.7414842980632453,0.022346307100233914,0.7348068836457183,0.015540477532330387
PD-252,9,without_gender,Fused_Grassmann_GSMOTE,0.7521528613633877,0.025708118529249334,0.7507846083663654,0.020392286703074934
PD-252,9,without_gender,PLS_DA,0.7802421855053434,0.025412935095199533,0.7614861107769574,0.01942741238412749
PD-252,9,without_gender,SMOTE_LogReg,0.7725042856621804,0.022912655544020645,0.7785041717341644,0.02061557080613208
PD-252,10,with_gender,Adaptive_Subspace_Fusion,0.7677280519385782,0.017102798855749706,0.7777898773091398,0.01965064431438428
PD-252,10,with_gender,Balanced_LinearSVM,0.7583898676003938,0.03832749099743211,0.7672350877249061,0.031292680358372425
PD-252,10,with_gender,Balanced_LogReg,0.7608190173979648,0.0319525847629398,0.7666400216574318,0.023437648109499224
PD-252,10,with_gender,Balanced_RandomForest,0.6488829923040449,0.020436944294071203,0.668454409350807,0.024674281426051634
PD-252,10,with_gender,Euclidean_RBF_GSMOTE,0.7313737826895721,0.05007147085128059,0.7160808607599767,0.04261028395339816
PD-252,10,with_gender,Fused_Grassmann_GSMOTE,0.7395420724368094,0.04077211797573158,0.7370103801726284,0.035129787512372175
PD-252,10,with_gender,PLS_DA,0.7363287376445271,0.01061821496018814,0.7453224321258376,0.020637644408890248
PD-252,10,with_gender,SMOTE_LogReg,0.7634505963453332,0.033982716609338284,0.7708303142511255,0.026504537188340505
PD-252,10,without_gender,Adaptive_Subspace_Fusion,0.733270416165153,0.024852351002863354,0.7393417838478914,0.022568576265947667
PD-252,10,without_gender,Balanced_LinearSVM,0.7479948572053836,0.033426577153724456,0.7574231026364386,0.028028897104304264
PD-252,10,without_gender,Balanced_LogReg,0.7608190173979648,0.0319525847629398,0.7666400216574318,0.023437648109499224
PD-252,10,without_gender,Balanced_RandomForest,0.6619095816464237,0.018177842095847316,0.6866150452736685,0.0216289329546924
PD-252,10,without_gender,Euclidean_RBF_GSMOTE,0.7339342378816063,0.04946797036447265,0.7191472623077196,0.04166660531207038
PD-252,10,without_gender,Fused_Grassmann_GSMOTE,0.7318497647445017,0.037728479748400476,0.7310308193985471,0.03281442220448648
PD-252,10,without_gender,PLS_DA,0.7363287376445271,0.01061821496018814,0.7453224321258376,0.020637644408890248
PD-252,10,without_gender,SMOTE_LogReg,0.7608190173979648,0.0319525847629398,0.7666400216574318,0.023437648109499224
PD-252,11,with_gender,Adaptive_Subspace_Fusion,0.7357478936426305,0.012522617395481089,0.7489694968396124,0.014897419209616798
PD-252,11,with_gender,Balanced_LinearSVM,0.7129673195462669,0.028702774627324044,0.7223558980003668,0.030332896825309034
PD-252,11,with_gender,Balanced_LogReg,0.7180280482912063,0.023039742132960853,0.7263700415894873,0.02613614492791389
PD-252,11,with_gender,Balanced_RandomForest,0.6183161906846117,0.029928211966278873,0.6240280814266763,0.04244636564818121
PD-252,11,with_gender,Euclidean_RBF_GSMOTE,0.7279589305905096,0.018962978043532037,0.7227484334539129,0.01896817858526773
PD-252,11,with_gender,Fused_Grassmann_GSMOTE,0.7357706897180581,0.032233261797096575,0.739983116509383,0.03303384635041478
PD-252,11,with_gender,PLS_DA,0.7055002370791844,0.034918673542172554,0.7103775146283413,0.036671636903613795
PD-252,11,with_gender,SMOTE_LogReg,0.7103357405988985,0.02728618195949975,0.7176618051733626,0.0270286282668353
PD-252,11,without_gender,Adaptive_Subspace_Fusion,0.7410821752927015,0.011169865558842555,0.75741774461092,0.014117779621577507
PD-252,11,without_gender,Balanced_LinearSVM,0.7156700222489696,0.02976767701638946,0.7264962488775598,0.031861529005507205
PD-252,11,without_gender,Balanced_LogReg,0.7334126636758216,0.014583575511784892,0.7417193947679545,0.02056134382369805
PD-252,11,without_gender,Balanced_RandomForest,0.6207453404821826,0.02816114516821888,0.626248401201585,0.04014619708452127
PD-252,11,without_gender,Euclidean_RBF_GSMOTE,0.7411277674435569,0.02171575596320747,0.7368838959818886,0.0211855503899178
PD-252,11,without_gender,Fused_Grassmann_GSMOTE,0.741033847612795,0.02400424411399437,0.7474376643047529,0.02500839461127064
PD-252,11,without_gender,PLS_DA,0.7055002370791844,0.034918673542172554,0.7103775146283413,0.036671636903613795
PD-252,11,without_gender,SMOTE_LogReg,0.7463681292628661,0.01743044726245813,0.7554636774506861,0.019742930702006688
PD-252,12,with_gender,Adaptive_Subspace_Fusion,0.7960681329102381,0.03358036832465593,0.8031696110906636,0.03194645853391906
PD-252,12,with_gender,Balanced_LinearSVM,0.7440812269759637,0.020574591551510136,0.7559840161287023,0.020948841412927584
PD-252,12,with_gender,Balanced_LogReg,0.8019121348068715,0.016325644253759423,0.8086243131391873,0.01993365943035674
PD-252,12,with_gender,Balanced_RandomForest,0.6271555968924389,0.026957250737305496,0.6419048188062,0.033987437474486314
PD-252,12,with_gender,Euclidean_RBF_GSMOTE,0.7554437028121239,0.043369108120065086,0.7499220173933645,0.04463751171605596
PD-252,12,with_gender,Fused_Grassmann_GSMOTE,0.758622387569756,0.02858545713044116,0.7648087149826279,0.0317479923822218
PD-252,12,with_gender,PLS_DA,0.7533710836342415,0.014424865268270089,0.750343539102324,0.011593685895491325
PD-252,12,with_gender,SMOTE_LogReg,0.794219827114564,0.016108629166566406,0.8019933582816877,0.01876505683531109
PD-252,12,without_gender,Adaptive_Subspace_Fusion,0.79023507312981,0.0377575516214405,0.7943272179616067,0.03577959670317544
PD-252,12,without_gender,Balanced_LinearSVM,0.7493443848707007,0.024106485624060158,0.764587254995099,0.025968152530757935
PD-252,12,without_gender,Balanced_LogReg,0.7908760987708356,0.015473766280349922,0.7975001840264999,0.01959571862916053
PD-252,12,without_gender,Balanced_RandomForest,0.6220948681474997,0.025497871863463372,0.6345899289948538,0.03180059015411778
PD-252,12,without_gender,Euclidean_RBF_GSMOTE,0.7503118503118502,0.033321985221941026,0.7469389117210015,0.034683124473669016
PD-252,12,without_gender,Fused_Grassmann_GSMOTE,0.7529917569391253,0.035758765770816374,0.7614290427860222,0.03883845648436167
PD-252,12,without_gender,PLS_DA,0.7538096801254696,0.014322194180242961,0.7453530516818188,0.013053374698947181
PD-252,12,without_gender,SMOTE_LogReg,0.783183791078528,0.013782322873095368,0.7908692291690005,0.017374894801195816
PD-252,13,with_gender,Adaptive_Subspace_Fusion,0.7760094102199366,0.035930576266345875,0.7693701137985107,0.023014694983557703
PD-252,13,with_gender,Balanced_LinearSVM,0.7239513805303279,0.01730129686356035,0.7260110489321014,0.0124190803133861
PD-252,13,with_gender,Balanced_LogReg,0.7290121092752672,0.02035038161131598,0.7285360262415057,0.01532458802712017
PD-252,13,with_gender,Balanced_RandomForest,0.6166894627420944,0.01422804620861099,0.6279976993633528,0.01905246334137297
PD-252,13,with_gender,Euclidean_RBF_GSMOTE,0.7644299157457052,0.022648759875373226,0.7503483674536306,0.021720642130997673
PD-252,13,with_gender,Fused_Grassmann_GSMOTE,0.7308640624430098,0.015687128632334124,0.7303818755794401,0.011331055313860772
PD-252,13,with_gender,PLS_DA,0.696822227085385,0.027520536220065527,0.7003821093821093,0.027764679755060653
PD-252,13,with_gender,SMOTE_LogReg,0.7290121092752672,0.02035038161131598,0.7285360262415057,0.01532458802712017
PD-252,13,without_gender,Adaptive_Subspace_Fusion,0.7600548929496298,0.025129584492802226,0.7584725680257245,0.016778444181490517
PD-252,13,without_gender,Balanced_LinearSVM,0.7298555640660902,0.011200832729971778,0.7356433026433027,0.008552781959665188
PD-252,13,without_gender,Balanced_LogReg,0.7373454426086006,0.01526260873951048,0.7367864783210717,0.011559847477259036
PD-252,13,without_gender,Balanced_RandomForest,0.6270133493817706,0.01784000097620892,0.6425795219800031,0.02447139140682057
PD-252,13,without_gender,Euclidean_RBF_GSMOTE,0.7413529926687821,0.016600327869265193,0.7320943757100569,0.017654829355389843
PD-252,13,without_gender,Fused_Grassmann_GSMOTE,0.7362694678484152,0.018257100095605137,0.7377736719343764,0.015205562293039425
PD-252,13,without_gender,PLS_DA,0.696822227085385,0.027520536220065527,0.7003821093821093,0.027764679755060653
PD-252,13,without_gender,SMOTE_LogReg,0.7290121092752672,0.02035038161131598,0.7285360262415057,0.01532458802712017
PD-252,14,with_gender,Adaptive_Subspace_Fusion,0.789616843564212,0.023102810224023218,0.7845225866213978,0.024999247922926522
PD-252,14,with_gender,Balanced_LinearSVM,0.7555522121311594,0.028945269190166663,0.7630622001794263,0.026710247551673276
PD-252,14,with_gender,Balanced_LogReg,0.7629709669183353,0.03861067220015585,0.75989194701336,0.027447451455411984
PD-252,14,with_gender,Balanced_RandomForest,0.6567777291461502,0.023290032501636918,0.6803732762908982,0.029122875663929234
PD-252,14,with_gender,Euclidean_RBF_GSMOTE,0.7704125177809388,0.04495469134511766,0.7582904397470951,0.049147323768143535
PD-252,14,with_gender,Fused_Grassmann_GSMOTE,0.7738647554437028,0.034640456622971855,0.7755350971824682,0.031060350232217877
PD-252,14,with_gender,PLS_DA,0.7682341248130722,0.038954114308700015,0.7678034167847583,0.027621290853526187
PD-252,14,with_gender,SMOTE_LogReg,0.7606129408760988,0.04010778287999391,0.7610542110421086,0.02879196533101315
PD-252,14,without_gender,Adaptive_Subspace_Fusion,0.7812835102308786,0.029474839475655476,0.7772353467826705,0.029862146366610148
PD-252,14,without_gender,Balanced_LinearSVM,0.7528495094284567,0.028481513851799457,0.7587282427562241,0.025436941746302167
PD-252,14,without_gender,Balanced_LogReg,0.7603393879709669,0.036610303366820134,0.7559031756756565,0.024776847869279885
PD-252,14,without_gender,Balanced_RandomForest,0.6618384578910894,0.02748203138288235,0.6836738078518396,0.0318263820020104
PD-252,14,without_gender,Euclidean_RBF_GSMOTE,0.7576594813436919,0.04323845787919112,0.7484095338319666,0.043543440629810366
PD-252,14,without_gender,Fused_Grassmann_GSMOTE,0.7558485611117189,0.030663729110087187,0.7574156916281297,0.024497495405679064
PD-252,14,without_gender,PLS_DA,0.7682341248130722,0.038954114308700015,0.7678034167847583,0.027621290853526187
PD-252,14,without_gender,SMOTE_LogReg,0.7683052485684064,0.04349369935812812,0.766709478293975,0.03130204052830913
PD-252,15,with_gender,Adaptive_Subspace_Fusion,0.7942991574570522,0.04213004144510721,0.7921517400401468,0.03098797150023322
PD-252,15,with_gender,Balanced_LinearSVM,0.7668736550315498,0.03445801646801391,0.7740812024145358,0.027242564734037574
PD-252,15,with_gender,Balanced_LogReg,0.7718632600211548,0.03187240668485189,0.7769274552607887,0.02505927133863752
PD-252,15,with_gender,Balanced_RandomForest,0.6664605901448006,0.03416330469463138,0.689832111861021,0.03795403995086285
PD-252,15,with_gender,Euclidean_RBF_GSMOTE,0.749682678630047,0.033913612163388424,0.737728462112363,0.027251131148138156
PD-252,15,with_gender,Fused_Grassmann_GSMOTE,0.7523625852573221,0.04495221348631458,0.74919416451167,0.03743993832653834
PD-252,15,with_gender,PLS_DA,0.7359548820075137,0.02943328947715572,0.7187258063225901,0.024970576146745672
PD-252,15,with_gender,SMOTE_LogReg,0.7691605573184521,0.03320493654611739,0.773313819422772,0.027851703739555148
PD-252,15,without_gender,Adaptive_Subspace_Fusion,0.7915253309990151,0.04107604876629477,0.7881713864602669,0.03052777378741422
PD-252,15,without_gender,Balanced_LinearSVM,0.7668736550315498,0.03445801646801391,0.7740812024145358,0.027242564734037574
PD-252,15,without_gender,Balanced_LogReg,0.7691605573184521,0.03320493654611739,0.773313819422772,0.027851703739555148
PD-252,15,without_gender,Balanced_RandomForest,0.6478033701717912,0.02709479191559288,0.6655358893766539,0.03181405157465701
PD-252,15,without_gender,Euclidean_RBF_GSMOTE,0.7446219498851078,0.034691110355757386,0.7364582791200783,0.030989398930228527
PD-252,15,without_gender,Fused_Grassmann_GSMOTE,0.7418964511069774,0.043856343700016315,0.7404161879414703,0.03877440164834826
PD-252,15,without_gender,PLS_DA,0.7358837582521793,0.025900197483350904,0.7183937400718703,0.020628630044933125
PD-252,15,without_gender,SMOTE_LogReg,0.7718632600211548,0.03187240668485189,0.7769274552607887,0.02505927133863752
PD-252,16,with_gender,Adaptive_Subspace_Fusion,0.7933882262829631,0.03440311996358477,0.7834692213688026,0.02679051699067905
PD-252,16,with_gender,Balanced_LinearSVM,0.7234453076558339,0.028067810542357075,0.728096254491215,0.026412832260708605
PD-252,16,with_gender,Balanced_LogReg,0.7407493525914579,0.03678300950999948,0.7452803375714768,0.03596600219100875
PD-252,16,with_gender,Balanced_RandomForest,0.6714501951344056,0.03881437808453508,0.6891026761753456,0.05010970046239026
PD-252,16,with_gender,Euclidean_RBF_GSMOTE,0.7751586606849764,0.035074308116852256,0.7719775507029512,0.03425844594081976
PD-252,16,with_gender,Fused_Grassmann_GSMOTE,0.76282142466353,0.03902092382860311,0.7672368255279649,0.038808605961550224
PD-252,16,with_gender,PLS_DA,0.7211812014443593,0.02596275548474632,0.718400669691809,0.02016717067733311
PD-252,16,with_gender,SMOTE_LogReg,0.7303543421964475,0.027431688978390382,0.7356290629202022,0.029277524450288875
PD-252,16,without_gender,Adaptive_Subspace_Fusion,0.7852573220994273,0.03798233918803908,0.785099949644467,0.03628398870317965
PD-252,16,without_gender,Balanced_LinearSVM,0.728779589305905,0.028422785798968196,0.7360165168705851,0.02705035651495163
PD-252,16,without_gender,Balanced_LogReg,0.7380466498887552,0.0383131573696544,0.7418738835215065,0.038245393219564876
PD-252,16,without_gender,Balanced_RandomForest,0.6339935076777182,0.03921930113477545,0.6402799862723187,0.04959641264547153
PD-252,16,without_gender,Euclidean_RBF_GSMOTE,0.7542373345004924,0.038625856770348056,0.745620238989103,0.037447628335109846
PD-252,16,without_gender,Fused_Grassmann_GSMOTE,0.76282142466353,0.03902092382860311,0.7672368255279649,0.038808605961550224
PD-252,16,without_gender,PLS_DA,0.7211812014443593,0.02596275548474632,0.718400669691809,0.02016717067733311
PD-252,16,without_gender,SMOTE_LogReg,0.7463799832220884,0.032172678133734436,0.7491161829702514,0.03345889169439965
PD-252,17,with_gender,Adaptive_Subspace_Fusion,0.7744346573293942,0.030655522812764437,0.774608440377319,0.021419803086219973
PD-252,17,with_gender,Balanced_LinearSVM,0.7052038880986249,0.04006495564317968,0.7090749233005246,0.033029452969226505
PD-252,17,with_gender,Balanced_LogReg,0.7225790567895831,0.042637115911971286,0.7279757237590332,0.03280125382896731
PD-252,17,with_gender,Balanced_RandomForest,0.6585658533026953,0.023001866206088108,0.6794219977382567,0.02565589989735049
PD-252,17,with_gender,Euclidean_RBF_GSMOTE,0.7322245322245322,0.03993623904989392,0.7266725316227707,0.03581206990799259
PD-252,17,with_gender,Fused_Grassmann_GSMOTE,0.7404639457271036,0.03454073425641959,0.7435390106444505,0.03000282277838614
PD-252,17,with_gender,PLS_DA,0.7200186015975489,0.0355737752282935,0.7231116980887665,0.02198728742480986
PD-252,17,with_gender,SMOTE_LogReg,0.7198763540868806,0.043019570686036075,0.7239502134044089,0.03302368859209127
PD-252,17,without_gender,Adaptive_Subspace_Fusion,0.7589789181894446,0.03260522053530547,0.7601672031930755,0.021556932841017635
PD-252,17,without_gender,Balanced_LinearSVM,0.7155277747383011,0.04697580200094792,0.7187806200675398,0.038368899841217566
PD-252,17,without_gender,Balanced_LogReg,0.7334728453149506,0.04508906375520114,0.739446842585861,0.03675334604760717
PD-252,17,without_gender,Balanced_RandomForest,0.6588394062078272,0.01254153460182786,0.6861680695782425,0.016368229322401884
PD-252,17,without_gender,Euclidean_RBF_GSMOTE,0.7348561111719005,0.03878177451924043,0.7302163912718935,0.03413372788825083
PD-252,17,without_gender,Fused_Grassmann_GSMOTE,0.7481562534194113,0.03790119638022146,0.7493719839783914,0.033094046127741215
PD-252,17,without_gender,PLS_DA,0.7200186015975489,0.0355737752282935,0.7231116980887665,0.02198728742480986
PD-252,17,without_gender,SMOTE_LogReg,0.7281385636648794,0.04345818794473468,0.7315036328611488,0.03448972273827877
PD-252,18,with_gender,Adaptive_Subspace_Fusion,0.7886685268264215,0.04661294416291948,0.7922742067673575,0.04375687032889968
PD-252,18,with_gender,Balanced_LinearSVM,0.7252106357369517,0.03332037591425124,0.7414344727739899,0.03798180804561442
PD-252,18,with_gender,Balanced_LogReg,0.7429532771638035,0.019650092914507467,0.7518226640580165,0.02372763019599584
PD-252,18,with_gender,Balanced_RandomForest,0.6153362877047087,0.03969661316360364,0.6204202400201643,0.04971366917669282
PD-252,18,with_gender,Euclidean_RBF_GSMOTE,0.7332293832293832,0.03900401800342208,0.7233342543909261,0.034777276464798404
PD-252,18,with_gender,Fused_Grassmann_GSMOTE,0.7416001021264179,0.039107520471657026,0.7452530464614469,0.03671268304372282
PD-252,18,with_gender,PLS_DA,0.7368585184374659,0.03214080823040261,0.7333571695455182,0.033029535811866476
PD-252,18,with_gender,SMOTE_LogReg,0.7482164350585403,0.019333211793540025,0.7590684794504703,0.0205744810695432
PD-252,18,without_gender,Adaptive_Subspace_Fusion,0.7866068497647445,0.035515962050500144,0.7906959728423143,0.031201908354467147
PD-252,18,without_gender,Balanced_LinearSVM,0.7432979538242697,0.043079977070669684,0.7584832166295581,0.045851573243530216
PD-252,18,without_gender,Balanced_LogReg,0.7506455848561112,0.02329103170959183,0.7583214985568509,0.026522833130993684
PD-252,18,without_gender,Balanced_RandomForest,0.6230285953970165,0.038532122601322584,0.6297938277692126,0.04940932051312003
PD-252,18,without_gender,Euclidean_RBF_GSMOTE,0.7435532698690593,0.039446399848098994,0.7335812227283519,0.03542448323760657
PD-252,18,without_gender,Fused_Grassmann_GSMOTE,0.7310737863369443,0.036500697112612605,0.7294039922025963,0.03297926749385166
PD-252,18,without_gender,PLS_DA,0.7368585184374659,0.03214080823040261,0.7333571695455182,0.033029535811866476
PD-252,18,without_gender,SMOTE_LogReg,0.7378925484188642,0.018578026088710505,0.7484682441610908,0.020894224035106768
PD-252,19,with_gender,Adaptive_Subspace_Fusion,0.8127575956523325,0.0339000851419905,0.8039959607767827,0.028539090510384668
PD-252,19,with_gender,Balanced_LinearSVM,0.7386758215705584,0.02971371187784648,0.7470440098662745,0.027373969233916034
PD-252,19,with_gender,Balanced_LogReg,0.7487261553051027,0.026302821962625393,0.7526708377367938,0.023715760411353322
PD-252,19,with_gender,Balanced_RandomForest,0.6298582995951417,0.016066996855130158,0.6487244091981449,0.020897171680638482
PD-252,19,with_gender,Euclidean_RBF_GSMOTE,0.7738911988911988,0.03249677491736622,0.7613725347358444,0.026294683358721736
PD-252,19,with_gender,Fused_Grassmann_GSMOTE,0.7430280482912061,0.030786602333374855,0.7461215535895327,0.025320799672746787
PD-252,19,with_gender,PLS_DA,0.7520097020097021,0.018479054230863046,0.754148153905591,0.024266861327648707
PD-252,19,with_gender,SMOTE_LogReg,0.7539181894445052,0.024436966602141445,0.7608115912269471,0.022484927692174327
PD-252,19,without_gender,Adaptive_Subspace_Fusion,0.7810509902615166,0.03988475710735855,0.7848368728895045,0.03715735807542743
PD-252,19,without_gender,Balanced_LinearSVM,0.7412362767625925,0.029051179873589104,0.7512692067914963,0.02754015420047691
PD-252,19,without_gender,Balanced_LogReg,0.7590500419447788,0.03208825437960863,0.76299472437647,0.029662985195264262
PD-252,19,without_gender,Balanced_RandomForest,0.6298582995951417,0.020151361790846867,0.6474531565110235,0.027808906159936454
PD-252,19,without_gender,Euclidean_RBF_GSMOTE,0.7688304701462597,0.031111897419261986,0.7594592275593793,0.025596153997806414
PD-252,19,without_gender,Fused_Grassmann_GSMOTE,0.7456596272385747,0.0332176755617082,0.7487481310959572,0.026893644837646113
PD-252,19,without_gender,PLS_DA,0.7436763686763687,0.022597962675675622,0.7477155961031702,0.028226868700144875
PD-252,19,without_gender,SMOTE_LogReg,0.7566208921472078,0.025913678655054447,0.7648395906410562,0.023735144261683116
PD-252,42,with_gender,Adaptive_Subspace_Fusion,0.8163110478899952,0.03996338723816011,0.8105297284536569,0.03394265348356816
PD-252,42,with_gender,Balanced_LinearSVM,0.7337463982200825,0.042845958316359685,0.7467117942018009,0.042823929477078665
PD-252,42,with_gender,Balanced_LogReg,0.7694450523397893,0.026761128980703545,0.7737082220560482,0.023320361952897845
PD-252,42,with_gender,Balanced_RandomForest,0.6708802932487143,0.03696204136559798,0.6957564996492164,0.04233457477573194
PD-252,42,with_gender,Euclidean_RBF_GSMOTE,0.7660529963161543,0.035237802828856815,0.7572811811232864,0.028488500557168287
PD-252,42,with_gender,Fused_Grassmann_GSMOTE,0.7819847175110333,0.034602949146813375,0.7814457956347989,0.02808937824715298
PD-252,42,with_gender,PLS_DA,0.7465331728489624,0.05096352418399154,0.7439777072776946,0.050416972905131294
PD-252,42,with_gender,SMOTE_LogReg,0.7773397891818945,0.028052832919452205,0.785917336317794,0.02475628653738086
PD-252,42,without_gender,Adaptive_Subspace_Fusion,0.7984261589524747,0.028560670562952736,0.8006475519258002,0.02038078204389616
PD-252,42,without_gender,Balanced_LinearSVM,0.7337463982200825,0.042845958316359685,0.7467117942018009,0.042823929477078665
PD-252,42,without_gender,Balanced_LogReg,0.7720766312871576,0.0280723715780145,0.7778312021790283,0.024928016818601576
PD-252,42,without_gender,Balanced_RandomForest,0.6581983805668016,0.02970505517702396,0.6831342175424387,0.03526780566096998
PD-252,42,without_gender,Euclidean_RBF_GSMOTE,0.7581582594740489,0.040178321263963826,0.7464581265404249,0.03567869961701257
PD-252,42,without_gender,Fused_Grassmann_GSMOTE,0.7717319546266915,0.03454273793503448,0.770765314407407,0.02754553251239567
PD-252,42,without_gender,PLS_DA,0.7465331728489624,0.05096352418399154,0.7439777072776946,0.050416972905131294
PD-252,42,without_gender,SMOTE_LogReg,0.7824005179268337,0.026629943805305957,0.7886777338150336,0.024377151022035377
UCI-489,0,with_gender,Adaptive_Subspace_Fusion,0.825,0.036443449342783124,0.8205626245099928,0.03844057341446906
UCI-489,0,with_gender,Balanced_LinearSVM,0.8,0.03061862178478973,0.7976975621557665,0.03045262037087398
UCI-489,0,with_gender,Balanced_LogReg,0.8375,0.04238956239453292,0.833921568627451,0.04416293971348454
UCI-489,0,with_gender,Balanced_RandomForest,0.8125,0.03423265984407288,0.8115639589168999,0.0342768111939006
UCI-489,0,with_gender,Euclidean_RBF_GSMOTE,0.8375,0.04238956239453292,0.8334104302989752,0.04449380151130017
UCI-489,0,with_gender,Fused_Grassmann_GSMOTE,0.825,0.036443449342783124,0.8205626245099928,0.03844057341446906
UCI-489,0,with_gender,PLS_DA,0.8625,0.012499999999999999,0.8615592903828198,0.012456549616279799
UCI-489,0,with_gender,SMOTE_LogReg,0.8375,0.04238956239453292,0.833921568627451,0.04416293971348454
UCI-489,0,without_gender,Adaptive_Subspace_Fusion,0.8375,0.01530931089239486,0.8366619981325865,0.015249642766956987
UCI-489,0,without_gender,Balanced_LinearSVM,0.7625,0.045927932677184584,0.7579348068512155,0.04594856877361891
UCI-489,0,without_gender,Balanced_LogReg,0.8,0.036443449342783124,0.7942615210726666,0.037355081779394436
UCI-489,0,without_gender,Balanced_RandomForest,0.825,0.036443449342783124,0.8242110177404296,0.03655293848445684
UCI-489,0,without_gender,Euclidean_RBF_GSMOTE,0.8375,0.01530931089239486,0.8366619981325865,0.015249642766956987
UCI-489,0,without_gender,Fused_Grassmann_GSMOTE,0.8375,0.01530931089239486,0.8366619981325865,0.015249642766956987
UCI-489,0,without_gender,PLS_DA,0.8625,0.012499999999999999,0.8611624649859945,0.01235541546345892
UCI-489,0,without_gender,SMOTE_LogReg,0.8,0.036443449342783124,0.7942615210726666,0.037355081779394436
UCI-489,1,with_gender,Adaptive_Subspace_Fusion,0.875,0.04419417382415922,0.8740102707749766,0.04479245916011863
UCI-489,1,with_gender,Balanced_LinearSVM,0.7375,0.0723489806424389,0.7354715219421102,0.07362610748059897
UCI-489,1,with_gender,Balanced_LogReg,0.7875,0.050775240028974745,0.7861671335200746,0.0511305749107449
UCI-489,1,with_gender,Balanced_RandomForest,0.8375,0.0318688719599549,0.8367600373482726,0.031773055175965646
UCI-489,1,with_gender,Euclidean_RBF_GSMOTE,0.8875,0.04145780987944249,0.8866573295985061,0.04210345394556478
UCI-489,1,with_gender,Fused_Grassmann_GSMOTE,0.875,0.04419417382415922,0.8740102707749766,0.04479245916011863
UCI-489,1,with_gender,PLS_DA,0.825,0.045927932677184584,0.8239122315592905,0.0458672304409245
UCI-489,1,with_gender,SMOTE_LogReg,0.7875,0.050775240028974745,0.7861671335200746,0.0511305749107449
UCI-489,1,without_gender,Adaptive_Subspace_Fusion,0.8375,0.04238956239453292,0.8362651727357608,0.04242500748018107
UCI-489,1,without_gender,Balanced_LinearSVM,0.7,0.023385358667337132,0.6967320261437908,0.023573832064327917
UCI-489,1,without_gender,Balanced_LogReg,0.8,0.057282196186948,0.7986181139122316,0.057640183403503235
UCI-489,1,without_gender,Balanced_RandomForest,0.825,0.036443449342783124,0.8244070961718022,0.03628367567607704
UCI-489,1,without_gender,Euclidean_RBF_GSMOTE,0.85,0.04238956239453292,0.8489122315592905,0.04248411389954768
UCI-489,1,without_gender,Fused_Grassmann_GSMOTE,0.8375,0.04238956239453292,0.8362651727357608,0.04242500748018107
UCI-489,1,without_gender,PLS_DA,0.825,0.045927932677184584,0.8239122315592905,0.0458672304409245
UCI-489,1,without_gender,SMOTE_LogReg,0.8,0.057282196186948,0.7986181139122316,0.057640183403503235
UCI-489,2,with_gender,Adaptive_Subspace_Fusion,0.85,0.024999999999999998,0.8491129785247432,0.02502501492524027
UCI-489,2,with_gender,Balanced_LinearSVM,0.825,0.0637377439199098,0.8234126984126984,0.06459849442896708
UCI-489,2,with_gender,Balanced_LogReg,0.8125,0.052291251658379716,0.8119607843137254,0.05243805961433811
UCI-489,2,with_gender,Balanced_RandomForest,0.8375,0.0318688719599549,0.8367600373482726,0.031773055175965646
UCI-489,2,with_gender,Euclidean_RBF_GSMOTE,0.875,0.02795084971874737,0.8746078431372549,0.028060632161053856
UCI-489,2,with_gender,Fused_Grassmann_GSMOTE,0.85,0.024999999999999998,0.8491129785247432,0.02502501492524027
UCI-489,2,with_gender,PLS_DA,0.8,0.053764532919016415,0.7978197945845005,0.05487936157938222
UCI-489,2,with_gender,SMOTE_LogReg,0.8125,0.052291251658379716,0.8119607843137254,0.05243805961433811
UCI-489,2,without_gender,Adaptive_Subspace_Fusion,0.875,0.03423265984407288,0.8743090569561158,0.034368557281860355
UCI-489,2,without_gender,Balanced_LinearSVM,0.7375,0.012499999999999999,0.7356676003734828,0.012380112650078457
UCI-489,2,without_gender,Balanced_LogReg,0.825,0.036443449342783124,0.8248039215686275,0.03641850064929202
UCI-489,2,without_gender,Balanced_RandomForest,0.8375,0.0318688719599549,0.8367600373482726,0.031773055175965646
UCI-489,2,without_gender,Euclidean_RBF_GSMOTE,0.8625,0.041457809879442496,0.8619561157796453,0.041474042848668825
UCI-489,2,without_gender,Fused_Grassmann_GSMOTE,0.875,0.03423265984407288,0.8743090569561158,0.034368557281860355
UCI-489,2,without_gender,PLS_DA,0.8375,0.05796011559684814,0.8360644257703083,0.059026169903972484
UCI-489,2,without_gender,SMOTE_LogReg,0.825,0.036443449342783124,0.8248039215686275,0.03641850064929202
UCI-489,3,with_gender,Adaptive_Subspace_Fusion,0.825,0.023385358667337132,0.8234865444153371,0.023624612027723854
UCI-489,3,with_gender,Balanced_LinearSVM,0.7375,0.06373774391990981,0.7289149154938628,0.0679791739448064
UCI-489,3,with_gender,Balanced_LogReg,0.8,0.012499999999999999,0.7948590934349449,0.015426683318142825
UCI-489,3,with_gender,Balanced_RandomForest,0.7875,0.04238956239453292,0.7844336898052069,0.04368327057463945
UCI-489,3,with_gender,Euclidean_RBF_GSMOTE,0.875,0.02795084971874737,0.8733885051996507,0.0287610739189366
UCI-489,3,with_gender,Fused_Grassmann_GSMOTE,0.825,0.023385358667337132,0.8234865444153371,0.023624612027723854
UCI-489,3,with_gender,PLS_DA,0.8375,0.024999999999999994,0.835643407160435,0.025430294004706054
UCI-489,3,with_gender,SMOTE_LogReg,0.8,0.012499999999999999,0.7948590934349449,0.015426683318142825
UCI-489,3,without_gender,Adaptive_Subspace_Fusion,0.85,0.0318688719599549,0.8490102707749767,0.03250373489767144
UCI-489,3,without_gender,Balanced_LinearSVM,0.775,0.046770717334674264,0.7662698412698413,0.05109410147801113
UCI-489,3,without_gender,Balanced_LogReg,0.8,0.012499999999999999,0.7973987759746274,0.01289591393679622
UCI-489,3,without_gender,Balanced_RandomForest,0.7875,0.050775240028974745,0.7841349036240678,0.052153312811429264
UCI-489,3,without_gender,Euclidean_RBF_GSMOTE,0.85,0.0318688719599549,0.8490102707749767,0.03250373489767144
UCI-489,3,without_gender,Fused_Grassmann_GSMOTE,0.85,0.0318688719599549,0.8490102707749767,0.03250373489767144
UCI-489,3,without_gender,PLS_DA,0.8,0.012499999999999999,0.7981924267682782,0.012105814132337057
UCI-489,3,without_gender,SMOTE_LogReg,0.8,0.012499999999999999,0.7973987759746274,0.01289591393679622
UCI-489,4,with_gender,Adaptive_Subspace_Fusion,0.8125,0.02795084971874737,0.8111624649859944,0.028181816238784685
UCI-489,4,with_gender,Balanced_LinearSVM,0.825,0.023385358667337132,0.8230897190185116,0.02341065655057381
UCI-489,4,with_gender,Balanced_LogReg,0.85,0.024999999999999998,0.8495098039215685,0.025122728358996423
UCI-489,4,with_gender,Balanced_RandomForest,0.8,0.036443449342783124,0.797594854406,0.036809823646451904
UCI-489,4,with_gender,Euclidean_RBF_GSMOTE,0.8375,0.024999999999999998,0.8353399524452156,0.02507508787419188
UCI-489,4,with_gender,Fused_Grassmann_GSMOTE,0.8125,0.02795084971874737,0.8111624649859944,0.028181816238784685
UCI-489,4,with_gender,PLS_DA,0.8375,0.0318688719599549,0.8363632119514472,0.03243599947628686
UCI-489,4,with_gender,SMOTE_LogReg,0.85,0.024999999999999998,0.8495098039215685,0.025122728358996423
UCI-489,4,without_gender,Adaptive_Subspace_Fusion,0.8375,0.0375,0.8362605042016806,0.03783759865273961
UCI-489,4,without_gender,Balanced_LinearSVM,0.7375,0.023385358667337132,0.7352754435107377,0.023328294359297116
UCI-489,4,without_gender,Balanced_LogReg,0.8,0.036443449342783124,0.7992110177404295,0.036417784578470114
UCI-489,4,without_gender,Balanced_RandomForest,0.8125,0.04419417382415922,0.8100458347981568,0.0446304268927627
UCI-489,4,without_gender,Euclidean_RBF_GSMOTE,0.85,0.04238956239453292,0.849108309990663,0.04281194816299286
UCI-489,4,without_gender,Fused_Grassmann_GSMOTE,0.8375,0.0375,0.8362605042016806,0.03783759865273961
UCI-489,4,without_gender,PLS_DA,0.8125,0.01976423537605237,0.811265172735761,0.02039396573259368
UCI-489,4,without_gender,SMOTE_LogReg,0.8,0.036443449342783124,0.7992110177404295,0.036417784578470114
UCI-489,5,with_gender,Adaptive_Subspace_Fusion,0.8625,0.0637377439199098,0.8608636788048554,0.0648139849911141
UCI-489,5,with_gender,Balanced_LinearSVM,0.85,0.0318688719599549,0.8490102707749767,0.03250373489767144
UCI-489,5,with_gender,Balanced_LogReg,0.85,0.04238956239453292,0.8491083099906629,0.042811948162992865
UCI-489,5,with_gender,Balanced_RandomForest,0.8,0.03061862178478972,0.799313725490196,0.030798828849746142
UCI-489,5,with_gender,Euclidean_RBF_GSMOTE,0.85,0.06123724356957944,0.8484126984126984,0.06229210826686283
UCI-489,5,with_gender,Fused_Grassmann_GSMOTE,0.8625,0.0637377439199098,0.8608636788048554,0.0648139849911141
UCI-489,5,with_gender,PLS_DA,0.8375,0.04238956239453292,0.8370588235294119,0.04259930840411655
UCI-489,5,with_gender,SMOTE_LogReg,0.85,0.04238956239453292,0.8491083099906629,0.042811948162992865
UCI-489,5,without_gender,Adaptive_Subspace_Fusion,0.8375,0.04238956239453292,0.8366619981325865,0.04251271028410349
UCI-489,5,without_gender,Balanced_LinearSVM,0.7875,0.024999999999999998,0.7865592903828198,0.025271245879272975
UCI-489,5,without_gender,Balanced_LogReg,0.8125,0.03423265984407288,0.8119607843137254,0.034456495702797144
UCI-489,5,without_gender,Balanced_RandomForest,0.8125,0.03952847075210474,0.8117647058823529,0.0396834843628973
UCI-489,5,without_gender,Euclidean_RBF_GSMOTE,0.825,0.041457809879442496,0.8244117647058824,0.04165005435850148
UCI-489,5,without_gender,Fused_Grassmann_GSMOTE,0.8375,0.04238956239453292,0.8366619981325865,0.04251271028410349
UCI-489,5,without_gender,PLS_DA,0.8125,0.052291251658379716,0.8119607843137254,0.05255500953569691
UCI-489,5,without_gender,SMOTE_LogReg,0.8125,0.03423265984407288,0.8119607843137254,0.034456495702797144
UCI-489,6,with_gender,Adaptive_Subspace_Fusion,0.8625,0.036443449342783124,0.8610355640231802,0.036883764893222086
UCI-489,6,with_gender,Balanced_LinearSVM,0.7625,0.03061862178478973,0.7595363975549734,0.03202350379793446
UCI-489,6,with_gender,Balanced_LogReg,0.825,0.03061862178478972,0.8232904659839644,0.03076980833551717
UCI-489,6,with_gender,Balanced_RandomForest,0.7875,0.05796011559684814,0.7826167795053245,0.05961409917485372
UCI-489,6,with_gender,Euclidean_RBF_GSMOTE,0.8375,0.0318688719599549,0.8359375248074938,0.03215347133506413
UCI-489,6,with_gender,Fused_Grassmann_GSMOTE,0.8625,0.036443449342783124,0.8610355640231802,0.036883764893222086
UCI-489,6,with_gender,PLS_DA,0.8125,0.03952847075210474,0.8093260300071445,0.03971157398907069
UCI-489,6,with_gender,SMOTE_LogReg,0.825,0.03061862178478972,0.8232904659839644,0.03076980833551717
UCI-489,6,without_gender,Adaptive_Subspace_Fusion,0.7875,0.05796011559684814,0.779320514366954,0.0609887172503706
UCI-489,6,without_gender,Balanced_LinearSVM,0.75,0.059292706128157104,0.7451754196955436,0.06179315101431047
UCI-489,6,without_gender,Balanced_LogReg,0.8125,0.04419417382415922,0.8087254901960785,0.045606785178159755
UCI-489,6,without_gender,Balanced_RandomForest,0.7875,0.05796011559684814,0.7826167795053245,0.05961409917485372
UCI-489,6,without_gender,Euclidean_RBF_GSMOTE,0.7875,0.05796011559684814,0.7808394855918076,0.06147922213164756
UCI-489,6,without_gender,Fused_Grassmann_GSMOTE,0.7875,0.05796011559684814,0.779320514366954,0.0609887172503706
UCI-489,6,without_gender,PLS_DA,0.8125,0.04419417382415922,0.8075061522584743,0.045602771010098436
UCI-489,6,without_gender,SMOTE_LogReg,0.8125,0.04419417382415922,0.8087254901960785,0.045606785178159755
UCI-489,7,with_gender,Adaptive_Subspace_Fusion,0.875,0.01976423537605237,0.8740102707749766,0.019846096518429196
UCI-489,7,with_gender,Balanced_LinearSVM,0.7875,0.046770717334674264,0.7854473287290625,0.04680679216706631
UCI-489,7,with_gender,Balanced_LogReg,0.875,0.01976423537605237,0.8727909328373725,0.02081594392251953
UCI-489,7,with_gender,Balanced_RandomForest,0.8,0.023385358667337132,0.7951532110820037,0.025122223570420526
UCI-489,7,with_gender,Euclidean_RBF_GSMOTE,0.85,0.0318688719599549,0.8486134453781512,0.032426741439545194
UCI-489,7,with_gender,Fused_Grassmann_GSMOTE,0.875,0.01976423537605237,0.8740102707749766,0.019846096518429196
UCI-489,7,with_gender,PLS_DA,0.8125,0.02795084971874737,0.8086227824463119,0.02972154822315846
UCI-489,7,with_gender,SMOTE_LogReg,0.875,0.01976423537605237,0.8727909328373725,0.02081594392251953
UCI-489,7,without_gender,Adaptive_Subspace_Fusion,0.85,0.046770717334674264,0.8492063492063492,0.04666707158878424
UCI-489,7,without_gender,Balanced_LinearSVM,0.775,0.03186887195995491,0.7708776844070961,0.03248623651185813
UCI-489,7,without_gender,Balanced_LogReg,0.825,0.023385358667337132,0.8234865444153371,0.023624612027723854
UCI-489,7,without_gender,Balanced_RandomForest,0.8,0.023385358667337132,0.7951532110820037,0.025122223570420526
UCI-489,7,without_gender,Euclidean_RBF_GSMOTE,0.8375,0.046770717334674264,0.8369561157796452,0.04671239318916108
UCI-489,7,without_gender,Fused_Grassmann_GSMOTE,0.85,0.046770717334674264,0.8492063492063492,0.04666707158878424
UCI-489,7,without_gender,PLS_DA,0.775,0.0318688719599549,0.7680888719124013,0.03679772518287558
UCI-489,7,without_gender,SMOTE_LogReg,0.825,0.023385358667337132,0.8234865444153371,0.023624612027723854
UCI-489,8,with_gender,Adaptive_Subspace_Fusion,0.8375,0.024999999999999998,0.8361336032388664,0.025376110805696885
UCI-489,8,with_gender,Balanced_LinearSVM,0.7875,0.0318688719599549,0.7849285544177185,0.0336258633640367
UCI-489,8,with_gender,Balanced_LogReg,0.8125,0.02795084971874737,0.8086227824463119,0.02972154822315846
UCI-489,8,with_gender,Balanced_RandomForest,0.8125,0.02795084971874737,0.8115592903828197,0.028401491835912843
UCI-489,8,with_gender,Euclidean_RBF_GSMOTE,0.8625,0.03061862178478972,0.862450980392157,0.030588628076915047
UCI-489,8,with_gender,Fused_Grassmann_GSMOTE,0.8375,0.024999999999999998,0.8361336032388664,0.025376110805696885
UCI-489,8,with_gender,PLS_DA,0.85,0.0375,0.8488141923436041,0.03804804751831271
UCI-489,8,with_gender,SMOTE_LogReg,0.8125,0.02795084971874737,0.8086227824463119,0.02972154822315846
UCI-489,8,without_gender,Adaptive_Subspace_Fusion,0.8375,0.03186887195995491,0.837156862745098,0.031888526522850486
UCI-489,8,without_gender,Balanced_LinearSVM,0.7125,0.04238956239453292,0.7069607843137256,0.04502989309988938
UCI-489,8,without_gender,Balanced_LogReg,0.7625,0.012499999999999999,0.7590196078431373,0.013575511117986357
UCI-489,8,without_gender,Balanced_RandomForest,0.8125,0.02795084971874737,0.8115592903828197,0.028401491835912843
UCI-489,8,without_gender,Euclidean_RBF_GSMOTE,0.825,0.036443449342783124,0.8232166199813259,0.037237349578575135
UCI-489,8,without_gender,Fused_Grassmann_GSMOTE,0.8375,0.03186887195995491,0.837156862745098,0.031888526522850486
UCI-489,8,without_gender,PLS_DA,0.7875,0.0318688719599549,0.7841349036240677,0.0338406428134348
UCI-489,8,without_gender,SMOTE_LogReg,0.7625,0.012499999999999999,0.7590196078431373,0.013575511117986357
UCI-489,9,with_gender,Adaptive_Subspace_Fusion,0.8625,0.041457809879442496,0.8607656395891692,0.04198291401988224
UCI-489,9,with_gender,Balanced_LinearSVM,0.8125,0.04419417382415922,0.8092329428397541,0.046063300020717714
UCI-489,9,with_gender,Balanced_LogReg,0.8375,0.0318688719599549,0.8334267040149393,0.034135585663251616
UCI-489,9,with_gender,Balanced_RandomForest,0.8,0.04145780987944249,0.7986181139122316,0.04180444727070524
UCI-489,9,with_gender,Euclidean_RBF_GSMOTE,0.8375,0.0318688719599549,0.8359663865546219,0.03232004800501593
UCI-489,9,with_gender,Fused_Grassmann_GSMOTE,0.8625,0.041457809879442496,0.8607656395891692,0.04198291401988224
UCI-489,9,with_gender,PLS_DA,0.8625,0.023385358667337132,0.8613632119514472,0.023399937223003448
UCI-489,9,with_gender,SMOTE_LogReg,0.8375,0.0318688719599549,0.8334267040149393,0.034135585663251616
UCI-489,9,without_gender,Adaptive_Subspace_Fusion,0.85,0.0318688719599549,0.8490102707749767,0.03172532004103372
UCI-489,9,without_gender,Balanced_LinearSVM,0.7875,0.046770717334674264,0.7815592903828198,0.05128385802811368
UCI-489,9,without_gender,Balanced_LogReg,0.7875,0.05796011559684814,0.7784104302989753,0.062136826489198764
UCI-489,9,without_gender,Balanced_RandomForest,0.8125,0.03952847075210474,0.8117647058823529,0.0396834843628973
UCI-489,9,without_gender,Euclidean_RBF_GSMOTE,0.85,0.0318688719599549,0.8490102707749767,0.03172532004103372
UCI-489,9,without_gender,Fused_Grassmann_GSMOTE,0.85,0.0318688719599549,0.8490102707749767,0.03172532004103372
UCI-489,9,without_gender,PLS_DA,0.85,0.0318688719599549,0.8490102707749767,0.03172532004103372
UCI-489,9,without_gender,SMOTE_LogReg,0.7875,0.05796011559684814,0.7784104302989753,0.062136826489198764
UCI-489,10,with_gender,Adaptive_Subspace_Fusion,0.85,0.050775240028974745,0.8498039215686275,0.0507814746727056
UCI-489,10,with_gender,Balanced_LinearSVM,0.8,0.0637377439199098,0.799313725490196,0.06401660504022831
UCI-489,10,with_gender,Balanced_LogReg,0.7875,0.06434768838116875,0.7869607843137254,0.06460509083964729
UCI-489,10,with_gender,Balanced_RandomForest,0.8125,0.052291251658379716,0.8111671335200746,0.05267796114621415
UCI-489,10,with_gender,Euclidean_RBF_GSMOTE,0.8625,0.04592793267718459,0.862156862745098,0.045988230445243417
UCI-489,10,with_gender,Fused_Grassmann_GSMOTE,0.85,0.050775240028974745,0.8498039215686275,0.0507814746727056
UCI-489,10,with_gender,PLS_DA,0.8125,0.06555055301063448,0.8109663865546219,0.06647509283441279
UCI-489,10,with_gender,SMOTE_LogReg,0.7875,0.06434768838116875,0.7869607843137254,0.06460509083964729
UCI-489,10,without_gender,Adaptive_Subspace_Fusion,0.825,0.049999999999999996,0.8234126984126984,0.05060107342633359
UCI-489,10,without_gender,Balanced_LinearSVM,0.7625,0.036443449342783124,0.7618627450980393,0.03664568971099417
UCI-489,10,without_gender,Balanced_LogReg,0.8,0.036443449342783124,0.7996078431372549,0.03662043588613577
UCI-489,10,without_gender,Balanced_RandomForest,0.8125,0.052291251658379716,0.8111671335200746,0.05267796114621415
UCI-489,10,without_gender,Euclidean_RBF_GSMOTE,0.8375,0.046770717334674264,0.8365592903828197,0.047166233777143754
UCI-489,10,without_gender,Fused_Grassmann_GSMOTE,0.825,0.049999999999999996,0.8234126984126984,0.05060107342633359
UCI-489,10,without_gender,PLS_DA,0.8,0.05376453291901641,0.7986134453781512,0.05469756298067654
UCI-489,10,without_gender,SMOTE_LogReg,0.8,0.036443449342783124,0.7996078431372549,0.03662043588613577
UCI-489,11,with_gender,Adaptive_Subspace_Fusion,0.8625,0.03061862178478972,0.8579271708683475,0.03354066194148953
UCI-489,11,with_gender,Balanced_LinearSVM,0.725,0.0375,0.7205865342088253,0.03683917648600486
UCI-489,11,with_gender,Balanced_LogReg,0.8375,0.024999999999999998,0.8332047312852267,0.026039320978934778
UCI-489,11,with_gender,Balanced_RandomForest,0.775,0.015309310892394864,0.7693595602883528,0.01632998601390777
UCI-489,11,with_gender,Euclidean_RBF_GSMOTE,0.8125,0.02795084971874737,0.8048926237161531,0.03128117947247834
UCI-489,11,with_gender,Fused_Grassmann_GSMOTE,0.8625,0.03061862178478972,0.8579271708683475,0.03354066194148953
UCI-489,11,with_gender,PLS_DA,0.8125,0.02795084971874737,0.8074323062558356,0.029901391881033048
UCI-489,11,with_gender,SMOTE_LogReg,0.8375,0.024999999999999998,0.8332047312852267,0.026039320978934778
UCI-489,11,without_gender,Adaptive_Subspace_Fusion,0.8375,0.0318688719599549,0.8343213614730642,0.03228366411427715
UCI-489,11,without_gender,Balanced_LinearSVM,0.725,0.046770717334674264,0.7200793650793651,0.046748254993348726
UCI-489,11,without_gender,Balanced_LogReg,0.775,0.015309310892394864,0.7693595602883528,0.01632998601390777
UCI-489,11,without_gender,Balanced_RandomForest,0.7875,0.01530931089239486,0.78128681432087,0.01642587740851788
UCI-489,11,without_gender,Euclidean_RBF_GSMOTE,0.8375,0.0318688719599549,0.8343213614730642,0.03228366411427715
UCI-489,11,without_gender,Fused_Grassmann_GSMOTE,0.8375,0.0318688719599549,0.8343213614730642,0.03228366411427715
UCI-489,11,without_gender,PLS_DA,0.8125,0.01976423537605237,0.808328664799253,0.022185754194434942
UCI-489,11,without_gender,SMOTE_LogReg,0.775,0.015309310892394864,0.7693595602883528,0.01632998601390777
UCI-489,12,with_gender,Adaptive_Subspace_Fusion,0.85,0.0318688719599549,0.8490102707749767,0.03172532004103372
UCI-489,12,with_gender,Balanced_LinearSVM,0.75,0.04419417382415922,0.7463851370507717,0.04471153670925816
UCI-489,12,with_gender,Balanced_LogReg,0.775,0.050775240028974745,0.7709594499068183,0.05135395596325344
UCI-489,12,with_gender,Balanced_RandomForest,0.8,0.023385358667337132,0.7989122315592903,0.023778638359329446
UCI-489,12,with_gender,Euclidean_RBF_GSMOTE,0.8125,0.02795084971874737,0.8119561157796452,0.027730833465735353
UCI-489,12,with_gender,Fused_Grassmann_GSMOTE,0.85,0.0318688719599549,0.8490102707749767,0.03172532004103372
UCI-489,12,with_gender,PLS_DA,0.775,0.04238956239453292,0.7727217553688142,0.043495769947731695
UCI-489,12,with_gender,SMOTE_LogReg,0.775,0.050775240028974745,0.7709594499068183,0.05135395596325344
UCI-489,12,without_gender,Adaptive_Subspace_Fusion,0.825,0.036443449342783124,0.8242110177404296,0.03655293848445684
UCI-489,12,without_gender,Balanced_LinearSVM,0.7375,0.04592793267718459,0.7348497563667843,0.04559850901120961
UCI-489,12,without_gender,Balanced_LogReg,0.7875,0.015309310892394864,0.7838264968605525,0.014675357809999174
UCI-489,12,without_gender,Balanced_RandomForest,0.7875,0.0318688719599549,0.7849285544177185,0.0336258633640367
UCI-489,12,without_gender,Euclidean_RBF_GSMOTE,0.8125,0.03423265984407288,0.8115639589169001,0.0342768111939006
UCI-489,12,without_gender,Fused_Grassmann_GSMOTE,0.825,0.036443449342783124,0.8242110177404296,0.03655293848445684
UCI-489,12,without_gender,PLS_DA,0.8125,0.01976423537605237,0.8100458347981568,0.020422930089728085
UCI-489,12,without_gender,SMOTE_LogReg,0.7875,0.015309310892394864,0.7838264968605525,0.014675357809999174
UCI-489,13,with_gender,Adaptive_Subspace_Fusion,0.8625,0.045927932677184584,0.8609375248074939,0.04633709808351314
UCI-489,13,with_gender,Balanced_LinearSVM,0.75,0.03952847075210474,0.7491176470588237,0.039761036493884946
UCI-489,13,with_gender,Balanced_LogReg,0.85,0.054486236794258416,0.8488141923436041,0.054976657329598506
UCI-489,13,with_gender,Balanced_RandomForest,0.8,0.05376453291901641,0.7967819624475971,0.05515754771682475
UCI-489,13,with_gender,Euclidean_RBF_GSMOTE,0.875,0.04419417382415922,0.874407096171802,0.044230393580339006
UCI-489,13,with_gender,Fused_Grassmann_GSMOTE,0.8625,0.045927932677184584,0.8609375248074939,0.04633709808351314
UCI-489,13,with_gender,PLS_DA,0.8375,0.05796011559684814,0.8350458347981569,0.05855597381696658
UCI-489,13,with_gender,SMOTE_LogReg,0.85,0.054486236794258416,0.8488141923436041,0.054976657329598506
UCI-489,13,without_gender,Adaptive_Subspace_Fusion,0.85,0.050775240028974745,0.8477909328373725,0.05141193472769453
UCI-489,13,without_gender,Balanced_LinearSVM,0.75,0.01976423537605237,0.7488141923436041,0.019855142072056273
UCI-489,13,without_gender,Balanced_LogReg,0.8125,0.04419417382415922,0.8108683473389355,0.04447701025043973
UCI-489,13,without_gender,Balanced_RandomForest,0.8,0.049999999999999996,0.7984126984126985,0.050404636315084475
UCI-489,13,without_gender,Euclidean_RBF_GSMOTE,0.85,0.050775240028974745,0.8477909328373725,0.05141193472769453
UCI-489,13,without_gender,Fused_Grassmann_GSMOTE,0.85,0.050775240028974745,0.8477909328373725,0.05141193472769453
UCI-489,13,without_gender,PLS_DA,0.7875,0.054486236794258416,0.784873949579832,0.05501237016477152
UCI-489,13,without_gender,SMOTE_LogReg,0.8125,0.04419417382415922,0.8108683473389355,0.04447701025043973
UCI-489,14,with_gender,Adaptive_Subspace_Fusion,0.8375,0.024999999999999998,0.8369561157796452,0.02489071468356791
UCI-489,14,with_gender,Balanced_LinearSVM,0.8,0.053764532919016415,0.798216619981326,0.05456028595962151
UCI-489,14,with_gender,Balanced_LogReg,0.8,0.049999999999999996,0.7983193277310925,0.05098223901601298
UCI-489,14,with_gender,Balanced_RandomForest,0.8125,0.03952847075210474,0.8118580765639589,0.03956749608809285
UCI-489,14,with_gender,Euclidean_RBF_GSMOTE,0.85,0.0318688719599549,0.8485845836310233,0.03226354419995132
UCI-489,14,with_gender,Fused_Grassmann_GSMOTE,0.8375,0.024999999999999998,0.8369561157796452,0.02489071468356791
UCI-489,14,with_gender,PLS_DA,0.8375,0.046770717334674264,0.8368627450980393,0.0469541319124573
UCI-489,14,with_gender,SMOTE_LogReg,0.8,0.049999999999999996,0.7983193277310925,0.05098223901601298
UCI-489,14,without_gender,Adaptive_Subspace_Fusion,0.8375,0.04238956239453292,0.8370588235294119,0.04259930840411655
UCI-489,14,without_gender,Balanced_LinearSVM,0.725,0.05796011559684814,0.7216646820671588,0.060182550799471726
UCI-489,14,without_gender,Balanced_LogReg,0.7875,0.05796011559684814,0.7868627450980392,0.058261489783984134
UCI-489,14,without_gender,Balanced_RandomForest,0.8,0.045927932677184584,0.7991129785247433,0.04606753624704653
UCI-489,14,without_gender,Euclidean_RBF_GSMOTE,0.8375,0.0318688719599549,0.837156862745098,0.031888526522850486
UCI-489,14,without_gender,Fused_Grassmann_GSMOTE,0.8375,0.04238956239453292,0.8370588235294119,0.04259930840411655
UCI-489,14,without_gender,PLS_DA,0.8375,0.0318688719599549,0.837156862745098,0.031888526522850486
UCI-489,14,without_gender,SMOTE_LogReg,0.7875,0.05796011559684814,0.7868627450980392,0.058261489783984134
UCI-489,15,with_gender,Adaptive_Subspace_Fusion,0.875,0.01976423537605237,0.874407096171802,0.01984509300234428
UCI-489,15,with_gender,Balanced_LinearSVM,0.825,0.023385358667337132,0.8239122315592903,0.02300051949718866
UCI-489,15,with_gender,Balanced_LogReg,0.8625,0.045927932677184584,0.860765639589169,0.04683991590308075
UCI-489,15,with_gender,Balanced_RandomForest,0.8125,0.03423265984407288,0.8105695611577964,0.03491582125532992
UCI-489,15,with_gender,Euclidean_RBF_GSMOTE,0.8625,0.036443449342783124,0.8614612511671336,0.037058312151433646
UCI-489,15,with_gender,Fused_Grassmann_GSMOTE,0.875,0.01976423537605237,0.874407096171802,0.01984509300234428
UCI-489,15,with_gender,PLS_DA,0.875,0.01976423537605237,0.874407096171802,0.01984509300234428
UCI-489,15,with_gender,SMOTE_LogReg,0.8625,0.045927932677184584,0.860765639589169,0.04683991590308075
UCI-489,15,without_gender,Adaptive_Subspace_Fusion,0.85,0.015309310892394864,0.8489122315592903,0.01516973970275778
UCI-489,15,without_gender,Balanced_LinearSVM,0.8,0.045927932677184584,0.7989122315592904,0.046262323476065154
UCI-489,15,without_gender,Balanced_LogReg,0.8375,0.0375,0.8354668534080298,0.038295484227233056
UCI-489,15,without_gender,Balanced_RandomForest,0.8125,0.01976423537605237,0.811265172735761,0.020393965732593684
UCI-489,15,without_gender,Euclidean_RBF_GSMOTE,0.85,0.015309310892394864,0.8489122315592903,0.01516973970275778
UCI-489,15,without_gender,Fused_Grassmann_GSMOTE,0.85,0.015309310892394864,0.8489122315592903,0.01516973970275778
UCI-489,15,without_gender,PLS_DA,0.8625,0.023385358667337132,0.8617600373482726,0.023452645231648164
UCI-489,15,without_gender,SMOTE_LogReg,0.8375,0.0375,0.8354668534080298,0.038295484227233056
UCI-489,16,with_gender,Adaptive_Subspace_Fusion,0.875,0.04419417382415922,0.8744070961718021,0.044230393580339006
UCI-489,16,with_gender,Balanced_LinearSVM,0.8,0.03061862178478973,0.7989169000933707,0.03055663939233545
UCI-489,16,with_gender,Balanced_LogReg,0.8375,0.0318688719599549,0.8367600373482726,0.031773055175965646
UCI-489,16,with_gender,Balanced_RandomForest,0.8,0.03061862178478972,0.799313725490196,0.030798828849746142
UCI-489,16,with_gender,Euclidean_RBF_GSMOTE,0.8625,0.036443449342783124,0.8622549019607844,0.03644369660057344
UCI-489,16,with_gender,Fused_Grassmann_GSMOTE,0.875,0.04419417382415922,0.8744070961718021,0.044230393580339006
UCI-489,16,with_gender,PLS_DA,0.825,0.023385358667337132,0.8243090569561158,0.023214740005854287
UCI-489,16,with_gender,SMOTE_LogReg,0.8375,0.0318688719599549,0.8367600373482726,0.031773055175965646
UCI-489,16,without_gender,Adaptive_Subspace_Fusion,0.85,0.03186887195995491,0.8498039215686275,0.03187880439939115
UCI-489,16,without_gender,Balanced_LinearSVM,0.7625,0.06373774391990981,0.7566573295985061,0.06656145474709209
UCI-489,16,without_gender,Balanced_LogReg,0.7875,0.046770717334674264,0.7861624649859944,0.04673056364780504
UCI-489,16,without_gender,Balanced_RandomForest,0.7875,0.03186887195995491,0.7869607843137254,0.032004060680458135
UCI-489,16,without_gender,Euclidean_RBF_GSMOTE,0.85,0.03186887195995491,0.8498039215686275,0.03187880439939115
UCI-489,16,without_gender,Fused_Grassmann_GSMOTE,0.85,0.03186887195995491,0.8498039215686275,0.03187880439939115
UCI-489,16,without_gender,PLS_DA,0.8375,0.04238956239453292,0.8364612511671335,0.0427677932456453
UCI-489,16,without_gender,SMOTE_LogReg,0.7875,0.046770717334674264,0.7861624649859944,0.04673056364780504
UCI-489,17,with_gender,Adaptive_Subspace_Fusion,0.875,0.03423265984407288,0.8743090569561158,0.034368557281860355
UCI-489,17,with_gender,Balanced_LinearSVM,0.825,0.036443449342783124,0.8228197945845006,0.0371012559608181
UCI-489,17,with_gender,Balanced_LogReg,0.8375,0.05796011559684814,0.8342329428397539,0.059740403608460224
UCI-489,17,with_gender,Balanced_RandomForest,0.8125,0.052291251658379716,0.8091349036240677,0.05390735395774523
UCI-489,17,with_gender,Euclidean_RBF_GSMOTE,0.8375,0.046770717334674264,0.8365592903828197,0.047166233777143754
UCI-489,17,with_gender,Fused_Grassmann_GSMOTE,0.875,0.03423265984407288,0.8743090569561158,0.034368557281860355
UCI-489,17,with_gender,PLS_DA,0.8125,0.04419417382415922,0.8096297682365794,0.04565789714705488
UCI-489,17,with_gender,SMOTE_LogReg,0.8375,0.05796011559684814,0.8342329428397539,0.059740403608460224
UCI-489,17,without_gender,Adaptive_Subspace_Fusion,0.825,0.036443449342783124,0.8232166199813259,0.037237349578575135
UCI-489,17,without_gender,Balanced_LinearSVM,0.7125,0.0673145600891813,0.6985180900970376,0.07190348931904948
UCI-489,17,without_gender,Balanced_LogReg,0.725,0.054486236794258416,0.7158906882591094,0.057102335358873
UCI-489,17,without_gender,Balanced_RandomForest,0.8125,0.052291251658379716,0.8091349036240677,0.05390735395774523
UCI-489,17,without_gender,Euclidean_RBF_GSMOTE,0.825,0.036443449342783124,0.8232166199813259,0.037237349578575135
UCI-489,17,without_gender,Fused_Grassmann_GSMOTE,0.825,0.036443449342783124,0.8232166199813259,0.037237349578575135
UCI-489,17,without_gender,PLS_DA,0.7625,0.053764532919016415,0.7550458347981568,0.056838679273708906
UCI-489,17,without_gender,SMOTE_LogReg,0.725,0.054486236794258416,0.7158906882591094,0.057102335358873
UCI-489,18,with_gender,Adaptive_Subspace_Fusion,0.85,0.0318688719599549,0.8490102707749767,0.03172532004103372
UCI-489,18,with_gender,Balanced_LinearSVM,0.7625,0.023385358667337132,0.7599477955824705,0.02290818508228001
UCI-489,18,with_gender,Balanced_LogReg,0.8375,0.024999999999999994,0.835643407160435,0.025430294004706054
UCI-489,18,with_gender,Balanced_RandomForest,0.825,0.04145780987944249,0.8244117647058824,0.04165005435850148
UCI-489,18,with_gender,Euclidean_RBF_GSMOTE,0.85,0.0318688719599549,0.8490102707749767,0.03172532004103372
UCI-489,18,with_gender,Fused_Grassmann_GSMOTE,0.85,0.0318688719599549,0.8490102707749767,0.03172532004103372
UCI-489,18,with_gender,PLS_DA,0.825,0.049999999999999996,0.8245098039215687,0.05012287861246445
UCI-489,18,with_gender,SMOTE_LogReg,0.8375,0.024999999999999994,0.835643407160435,0.025430294004706054
UCI-489,18,without_gender,Adaptive_Subspace_Fusion,0.825,0.036443449342783124,0.8232166199813259,0.037237349578575135
UCI-489,18,without_gender,Balanced_LinearSVM,0.7,0.04592793267718459,0.6942548679390784,0.0480094866121917
UCI-489,18,without_gender,Balanced_LogReg,0.75,0.01976423537605237,0.7468012036123491,0.01889470655396345
UCI-489,18,without_gender,Balanced_RandomForest,0.8125,0.03423265984407288,0.8115639589168999,0.0342768111939006
UCI-489,18,without_gender,Euclidean_RBF_GSMOTE,0.8375,0.024999999999999998,0.8357656395891689,0.025438859338921576
UCI-489,18,without_gender,Fused_Grassmann_GSMOTE,0.825,0.036443449342783124,0.8232166199813259,0.037237349578575135
UCI-489,18,without_gender,PLS_DA,0.825,0.03061862178478973,0.8232904659839644,0.03076980833551717
UCI-489,18,without_gender,SMOTE_LogReg,0.75,0.01976423537605237,0.7468012036123491,0.01889470655396345
UCI-489,19,with_gender,Adaptive_Subspace_Fusion,0.8375,0.04238956239453292,0.8356676003734828,0.043174344708274894
UCI-489,19,with_gender,Balanced_LinearSVM,0.775,0.050775240028974745,0.768216619981326,0.054658734463244485
UCI-489,19,with_gender,Balanced_LogReg,0.85,0.046770717334674264,0.8462582360879575,0.048981486345608845
UCI-489,19,with_gender,Balanced_RandomForest,0.825,0.053764532919016415,0.822594854406,0.05429113589535488
UCI-489,19,with_gender,Euclidean_RBF_GSMOTE,0.8375,0.046770717334674264,0.8348305152020323,0.0485987182843178
UCI-489,19,with_gender,Fused_Grassmann_GSMOTE,0.8375,0.04238956239453292,0.8356676003734828,0.043174344708274894
UCI-489,19,with_gender,PLS_DA,0.8625,0.045927932677184584,0.8613632119514472,0.04647638015844813
UCI-489,19,with_gender,SMOTE_LogReg,0.85,0.046770717334674264,0.8462582360879575,0.048981486345608845
UCI-489,19,without_gender,Adaptive_Subspace_Fusion,0.8375,0.0318688719599549,0.835143874013843,0.03268910816863897
UCI-489,19,without_gender,Balanced_LinearSVM,0.8125,0.04419417382415922,0.8076167795053244,0.04591990173583304
UCI-489,19,without_gender,Balanced_LogReg,0.8125,0.052291251658379716,0.805997648722107,0.05486477633446872
UCI-489,19,without_gender,Balanced_RandomForest,0.825,0.06373774391990981,0.823094387552592,0.06405905676731972
UCI-489,19,without_gender,Euclidean_RBF_GSMOTE,0.825,0.036443449342783124,0.8219972820437217,0.03735088841383324
UCI-489,19,without_gender,Fused_Grassmann_GSMOTE,0.8375,0.0318688719599549,0.835143874013843,0.03268910816863897
UCI-489,19,without_gender,PLS_DA,0.8375,0.0318688719599549,0.8363632119514472,0.03243599947628686
UCI-489,19,without_gender,SMOTE_LogReg,0.8125,0.052291251658379716,0.805997648722107,0.05486477633446872
UCI-489,42,with_gender,Adaptive_Subspace_Fusion,0.875,0.03952847075210474,0.8732904659839644,0.04018108330303391
UCI-489,42,with_gender,Balanced_LinearSVM,0.8,0.012499999999999999,0.7973987759746274,0.012895913936796219
UCI-489,42,with_gender,Balanced_LogReg,0.8,0.023385358667337132,0.795578898225957,0.02565258543045974
UCI-489,42,with_gender,Balanced_RandomForest,0.8,0.049999999999999996,0.7989169000933707,0.050084799511763464
UCI-489,42,with_gender,Euclidean_RBF_GSMOTE,0.8625,0.036443449342783124,0.8604426601949822,0.03699573277529141
UCI-489,42,with_gender,Fused_Grassmann_GSMOTE,0.875,0.03952847075210474,0.8732904659839644,0.04018108330303391
UCI-489,42,with_gender,PLS_DA,0.825,0.03061862178478972,0.8224968151903136,0.031248912058411394
UCI-489,42,with_gender,SMOTE_LogReg,0.8,0.023385358667337132,0.795578898225957,0.02565258543045974
UCI-489,42,without_gender,Adaptive_Subspace_Fusion,0.8375,0.03186887195995491,0.8347470486170178,0.03257034389980177
UCI-489,42,without_gender,Balanced_LinearSVM,0.7375,0.06059599821770411,0.7271598301938859,0.06621853704976881
UCI-489,42,without_gender,Balanced_LogReg,0.775,0.0318688719599549,0.7668324657798342,0.03359161640922144
UCI-489,42,without_gender,Balanced_RandomForest,0.7875,0.05796011559684814,0.7854715219421102,0.05870711287753549
UCI-489,42,without_gender,Euclidean_RBF_GSMOTE,0.8375,0.03186887195995491,0.8347470486170178,0.03257034389980177
UCI-489,42,without_gender,Fused_Grassmann_GSMOTE,0.8375,0.03186887195995491,0.8347470486170178,0.03257034389980177
UCI-489,42,without_gender,PLS_DA,0.8125,0.03423265984407288,0.8081308852825881,0.034926887438471964
UCI-489,42,without_gender,SMOTE_LogReg,0.775,0.0318688719599549,0.7668324657798342,0.03359161640922144
