cohort,partition_seed,weight,method,balanced_accuracy,balanced_accuracy_se,macro_f1,macro_f1_se
UCI-489,42,1.0,Adaptive_Subspace_Fusion,0.5625,0.052291251658379716,0.5295951107715814,0.0664381069866265
UCI-489,42,1.0,Fused_Grassmann_GSMOTE,0.5625,0.052291251658379716,0.5295951107715814,0.0664381069866265
UCI-489,0,0.5,Adaptive_Subspace_Fusion,0.825,0.036443449342783124,0.8205626245099928,0.03844057341446906
UCI-489,0,0.5,Fused_Grassmann_GSMOTE,0.825,0.036443449342783124,0.8205626245099928,0.03844057341446906
UCI-489,42,0.5,Adaptive_Subspace_Fusion,0.875,0.03952847075210474,0.8732904659839644,0.04018108330303391
UCI-489,42,0.5,Fused_Grassmann_GSMOTE,0.875,0.03952847075210474,0.8732904659839644,0.04018108330303391
UCI-489,42,0.0,Adaptive_Subspace_Fusion,0.8625,0.036443449342783124,0.8604426601949822,0.03699573277529141
UCI-489,42,0.0,Fused_Grassmann_GSMOTE,0.8625,0.036443449342783124,0.8604426601949822,0.03699573277529141
UCI-489,0,0.0,Adaptive_Subspace_Fusion,0.8375,0.04238956239453292,0.8334104302989752,0.04449380151130017
UCI-489,0,0.0,Fused_Grassmann_GSMOTE,0.8375,0.04238956239453292,0.8334104302989752,0.04449380151130017
UCI-489,0,1.0,Adaptive_Subspace_Fusion,0.55,0.06373774391990981,0.5236331058002884,0.07397759903207825
UCI-489,0,1.0,Fused_Grassmann_GSMOTE,0.55,0.06373774391990981,0.5236331058002884,0.07397759903207825
UCI-489,1,0.0,Adaptive_Subspace_Fusion,0.8875,0.04145780987944249,0.8866573295985061,0.04210345394556478
UCI-489,1,0.0,Fused_Grassmann_GSMOTE,0.8875,0.04145780987944249,0.8866573295985061,0.04210345394556478
UCI-489,1,0.5,Adaptive_Subspace_Fusion,0.875,0.04419417382415922,0.8740102707749766,0.04479245916011863
UCI-489,1,0.5,Fused_Grassmann_GSMOTE,0.875,0.04419417382415922,0.8740102707749766,0.04479245916011863
UCI-489,1,1.0,Adaptive_Subspace_Fusion,0.5375,0.10569709078304852,0.5122133095662507,0.1138020733201812
UCI-489,1,1.0,Fused_Grassmann_GSMOTE,0.5375,0.10569709078304852,0.5122133095662507,0.1138020733201812
UCI-489,2,0.0,Adaptive_Subspace_Fusion,0.875,0.02795084971874737,0.8746078431372549,0.028060632161053856
UCI-489,2,0.0,Fused_Grassmann_GSMOTE,0.875,0.02795084971874737,0.8746078431372549,0.028060632161053856
UCI-489,2,0.5,Adaptive_Subspace_Fusion,0.85,0.024999999999999998,0.8491129785247432,0.02502501492524027
UCI-489,2,0.5,Fused_Grassmann_GSMOTE,0.85,0.024999999999999998,0.8491129785247432,0.02502501492524027
UCI-489,3,1.0,Adaptive_Subspace_Fusion,0.5625,0.04419417382415922,0.5511459077558148,0.04946607193807856
UCI-489,3,1.0,Fused_Grassmann_GSMOTE,0.5625,0.04419417382415922,0.5511459077558148,0.04946607193807856
UCI-489,3,0.0,Adaptive_Subspace_Fusion,0.875,0.02795084971874737,0.8733885051996507,0.0287610739189366
UCI-489,3,0.0,Fused_Grassmann_GSMOTE,0.875,0.02795084971874737,0.8733885051996507,0.0287610739189366
UCI-489,2,1.0,Adaptive_Subspace_Fusion,0.55,0.012499999999999999,0.5208833271991166,0.025675377254324602
UCI-489,2,1.0,Fused_Grassmann_GSMOTE,0.55,0.012499999999999999,0.5208833271991166,0.025675377254324602
UCI-489,3,0.5,Adaptive_Subspace_Fusion,0.825,0.023385358667337132,0.8234865444153371,0.023624612027723854
UCI-489,3,0.5,Fused_Grassmann_GSMOTE,0.825,0.023385358667337132,0.8234865444153371,0.023624612027723854
UCI-489,4,0.0,Adaptive_Subspace_Fusion,0.8375,0.024999999999999998,0.8353399524452156,0.02507508787419188
UCI-489,4,0.0,Fused_Grassmann_GSMOTE,0.8375,0.024999999999999998,0.8353399524452156,0.02507508787419188
UCI-489,4,1.0,Adaptive_Subspace_Fusion,0.55,0.041457809879442496,0.5215913611821541,0.04639294527942774
UCI-489,4,1.0,Fused_Grassmann_GSMOTE,0.55,0.041457809879442496,0.5215913611821541,0.04639294527942774
UCI-489,5,0.0,Adaptive_Subspace_Fusion,0.85,0.06123724356957944,0.8484126984126984,0.06229210826686283
UCI-489,5,0.0,Fused_Grassmann_GSMOTE,0.85,0.06123724356957944,0.8484126984126984,0.06229210826686283
UCI-489,5,0.5,Adaptive_Subspace_Fusion,0.8625,0.0637377439199098,0.8608636788048554,0.0648139849911141
UCI-489,5,0.5,Fused_Grassmann_GSMOTE,0.8625,0.0637377439199098,0.8608636788048554,0.0648139849911141
UCI-489,4,0.5,Adaptive_Subspace_Fusion,0.8125,0.02795084971874737,0.8111624649859944,0.028181816238784685
UCI-489,4,0.5,Fused_Grassmann_GSMOTE,0.8125,0.02795084971874737,0.8111624649859944,0.028181816238784685
UCI-489,5,1.0,Adaptive_Subspace_Fusion,0.5625,0.01976423537605237,0.5491930429391729,0.017310935136488563
UCI-489,5,1.0,Fused_Grassmann_GSMOTE,0.5625,0.01976423537605237,0.5491930429391729,0.017310935136488563
UCI-489,6,0.5,Adaptive_Subspace_Fusion,0.8625,0.036443449342783124,0.8610355640231802,0.036883764893222086
UCI-489,6,0.5,Fused_Grassmann_GSMOTE,0.8625,0.036443449342783124,0.8610355640231802,0.036883764893222086
UCI-489,6,0.0,Adaptive_Subspace_Fusion,0.8375,0.0318688719599549,0.8359375248074938,0.03215347133506413
UCI-489,6,0.0,Fused_Grassmann_GSMOTE,0.8375,0.0318688719599549,0.8359375248074938,0.03215347133506413
UCI-489,6,1.0,Adaptive_Subspace_Fusion,0.575,0.05376453291901641,0.5489961208382261,0.053441813832538564
UCI-489,6,1.0,Fused_Grassmann_GSMOTE,0.575,0.05376453291901641,0.5489961208382261,0.053441813832538564
UCI-489,7,0.0,Adaptive_Subspace_Fusion,0.85,0.0318688719599549,0.8486134453781512,0.032426741439545194
UCI-489,7,0.0,Fused_Grassmann_GSMOTE,0.85,0.0318688719599549,0.8486134453781512,0.032426741439545194
UCI-489,7,0.5,Adaptive_Subspace_Fusion,0.875,0.01976423537605237,0.8740102707749766,0.019846096518429196
UCI-489,7,0.5,Fused_Grassmann_GSMOTE,0.875,0.01976423537605237,0.8740102707749766,0.019846096518429196
UCI-489,7,1.0,Adaptive_Subspace_Fusion,0.55,0.06059599821770411,0.5282150597940072,0.06585067623383979
UCI-489,7,1.0,Fused_Grassmann_GSMOTE,0.55,0.06059599821770411,0.5282150597940072,0.06585067623383979
UCI-489,8,0.0,Adaptive_Subspace_Fusion,0.8625,0.03061862178478972,0.862450980392157,0.030588628076915047
UCI-489,8,0.0,Fused_Grassmann_GSMOTE,0.8625,0.03061862178478972,0.862450980392157,0.030588628076915047
UCI-489,8,1.0,Adaptive_Subspace_Fusion,0.625,0.07654655446197431,0.6125376979401748,0.08365873395501819
UCI-489,8,1.0,Fused_Grassmann_GSMOTE,0.625,0.07654655446197431,0.6125376979401748,0.08365873395501819
UCI-489,8,0.5,Adaptive_Subspace_Fusion,0.8375,0.024999999999999998,0.8361336032388664,0.025376110805696885
UCI-489,8,0.5,Fused_Grassmann_GSMOTE,0.8375,0.024999999999999998,0.8361336032388664,0.025376110805696885
UCI-489,9,0.0,Adaptive_Subspace_Fusion,0.8375,0.0318688719599549,0.8359663865546219,0.03232004800501593
UCI-489,9,0.0,Fused_Grassmann_GSMOTE,0.8375,0.0318688719599549,0.8359663865546219,0.03232004800501593
UCI-489,9,1.0,Adaptive_Subspace_Fusion,0.6125,0.0723489806424389,0.5855118411000764,0.08161179987007362
UCI-489,9,1.0,Fused_Grassmann_GSMOTE,0.6125,0.0723489806424389,0.5855118411000764,0.08161179987007362
UCI-489,9,0.5,Adaptive_Subspace_Fusion,0.8625,0.041457809879442496,0.8607656395891692,0.04198291401988224
UCI-489,9,0.5,Fused_Grassmann_GSMOTE,0.8625,0.041457809879442496,0.8607656395891692,0.04198291401988224
UCI-489,10,0.0,Adaptive_Subspace_Fusion,0.8625,0.04592793267718459,0.862156862745098,0.045988230445243417
UCI-489,10,0.0,Fused_Grassmann_GSMOTE,0.8625,0.04592793267718459,0.862156862745098,0.045988230445243417
UCI-489,10,0.5,Adaptive_Subspace_Fusion,0.85,0.050775240028974745,0.8498039215686275,0.0507814746727056
UCI-489,10,0.5,Fused_Grassmann_GSMOTE,0.85,0.050775240028974745,0.8498039215686275,0.0507814746727056
UCI-489,10,1.0,Adaptive_Subspace_Fusion,0.575,0.023385358667337132,0.5573300229182582,0.030330751951974
UCI-489,10,1.0,Fused_Grassmann_GSMOTE,0.575,0.023385358667337132,0.5573300229182582,0.030330751951974
UCI-489,11,0.5,Adaptive_Subspace_Fusion,0.8625,0.03061862178478972,0.8579271708683475,0.03354066194148953
UCI-489,11,0.5,Fused_Grassmann_GSMOTE,0.8625,0.03061862178478972,0.8579271708683475,0.03354066194148953
UCI-489,11,0.0,Adaptive_Subspace_Fusion,0.8125,0.02795084971874737,0.8048926237161531,0.03128117947247834
UCI-489,11,0.0,Fused_Grassmann_GSMOTE,0.8125,0.02795084971874737,0.8048926237161531,0.03128117947247834
UCI-489,11,1.0,Adaptive_Subspace_Fusion,0.575,0.049999999999999996,0.5577272727272728,0.047043807612806424
UCI-489,11,1.0,Fused_Grassmann_GSMOTE,0.575,0.049999999999999996,0.5577272727272728,0.047043807612806424
UCI-489,12,0.0,Adaptive_Subspace_Fusion,0.8125,0.02795084971874737,0.8119561157796452,0.027730833465735353
UCI-489,12,0.0,Fused_Grassmann_GSMOTE,0.8125,0.02795084971874737,0.8119561157796452,0.027730833465735353
UCI-489,12,0.5,Adaptive_Subspace_Fusion,0.85,0.0318688719599549,0.8490102707749767,0.03172532004103372
UCI-489,12,0.5,Fused_Grassmann_GSMOTE,0.85,0.0318688719599549,0.8490102707749767,0.03172532004103372
UCI-489,13,0.0,Adaptive_Subspace_Fusion,0.875,0.04419417382415922,0.874407096171802,0.044230393580339006
UCI-489,13,0.0,Fused_Grassmann_GSMOTE,0.875,0.04419417382415922,0.874407096171802,0.044230393580339006
UCI-489,12,1.0,Adaptive_Subspace_Fusion,0.6125,0.03061862178478973,0.6044771241830065,0.03160788617898048
UCI-489,12,1.0,Fused_Grassmann_GSMOTE,0.6125,0.03061862178478973,0.6044771241830065,0.03160788617898048
UCI-489,13,0.5,Adaptive_Subspace_Fusion,0.8625,0.045927932677184584,0.8609375248074939,0.04633709808351314
UCI-489,13,0.5,Fused_Grassmann_GSMOTE,0.8625,0.045927932677184584,0.8609375248074939,0.04633709808351314
UCI-489,13,1.0,Adaptive_Subspace_Fusion,0.575,0.06059599821770411,0.5491298106777983,0.06653691073550876
UCI-489,13,1.0,Fused_Grassmann_GSMOTE,0.575,0.06059599821770411,0.5491298106777983,0.06653691073550876
UCI-489,14,0.0,Adaptive_Subspace_Fusion,0.85,0.0318688719599549,0.8485845836310233,0.03226354419995132
UCI-489,14,0.0,Fused_Grassmann_GSMOTE,0.85,0.0318688719599549,0.8485845836310233,0.03226354419995132
UCI-489,14,0.5,Adaptive_Subspace_Fusion,0.8375,0.024999999999999998,0.8369561157796452,0.02489071468356791
UCI-489,14,0.5,Fused_Grassmann_GSMOTE,0.8375,0.024999999999999998,0.8369561157796452,0.02489071468356791
UCI-489,14,1.0,Adaptive_Subspace_Fusion,0.5875,0.08291561975888499,0.5621183786973261,0.08814465406742611
UCI-489,14,1.0,Fused_Grassmann_GSMOTE,0.5875,0.08291561975888499,0.5621183786973261,0.08814465406742611
UCI-489,15,0.0,Adaptive_Subspace_Fusion,0.8625,0.036443449342783124,0.8614612511671336,0.037058312151433646
UCI-489,15,0.0,Fused_Grassmann_GSMOTE,0.8625,0.036443449342783124,0.8614612511671336,0.037058312151433646
UCI-489,15,0.5,Adaptive_Subspace_Fusion,0.875,0.01976423537605237,0.874407096171802,0.01984509300234428
UCI-489,15,0.5,Fused_Grassmann_GSMOTE,0.875,0.01976423537605237,0.874407096171802,0.01984509300234428
UCI-489,15,1.0,Adaptive_Subspace_Fusion,0.6125,0.03644344934278313,0.6037962175423476,0.0379906833919117
UCI-489,15,1.0,Fused_Grassmann_GSMOTE,0.6125,0.03644344934278313,0.6037962175423476,0.0379906833919117
UCI-489,16,0.0,Adaptive_Subspace_Fusion,0.8625,0.036443449342783124,0.8622549019607844,0.03644369660057344
UCI-489,16,0.0,Fused_Grassmann_GSMOTE,0.8625,0.036443449342783124,0.8622549019607844,0.03644369660057344
UCI-489,16,0.5,Adaptive_Subspace_Fusion,0.875,0.04419417382415922,0.8744070961718021,0.044230393580339006
UCI-489,16,0.5,Fused_Grassmann_GSMOTE,0.875,0.04419417382415922,0.8744070961718021,0.044230393580339006
UCI-489,16,1.0,Adaptive_Subspace_Fusion,0.5875,0.07551903733496607,0.5793403191236008,0.07480333065350388
UCI-489,16,1.0,Fused_Grassmann_GSMOTE,0.5875,0.07551903733496607,0.5793403191236008,0.07480333065350388
UCI-489,17,0.0,Adaptive_Subspace_Fusion,0.8375,0.046770717334674264,0.8365592903828197,0.047166233777143754
UCI-489,17,0.0,Fused_Grassmann_GSMOTE,0.8375,0.046770717334674264,0.8365592903828197,0.047166233777143754
UCI-489,17,0.5,Adaptive_Subspace_Fusion,0.875,0.03423265984407288,0.8743090569561158,0.034368557281860355
UCI-489,17,0.5,Fused_Grassmann_GSMOTE,0.875,0.03423265984407288,0.8743090569561158,0.034368557281860355
UCI-489,17,1.0,Adaptive_Subspace_Fusion,0.5625,0.03952847075210474,0.5559069619750735,0.03816543164944738
UCI-489,17,1.0,Fused_Grassmann_GSMOTE,0.5625,0.03952847075210474,0.5559069619750735,0.03816543164944738
UCI-489,18,0.5,Adaptive_Subspace_Fusion,0.85,0.0318688719599549,0.8490102707749767,0.03172532004103372
UCI-489,18,0.5,Fused_Grassmann_GSMOTE,0.85,0.0318688719599549,0.8490102707749767,0.03172532004103372
UCI-489,18,0.0,Adaptive_Subspace_Fusion,0.85,0.0318688719599549,0.8490102707749767,0.03172532004103372
UCI-489,18,0.0,Fused_Grassmann_GSMOTE,0.85,0.0318688719599549,0.8490102707749767,0.03172532004103372
UCI-489,18,1.0,Adaptive_Subspace_Fusion,0.6375,0.049999999999999996,0.6348590934349448,0.049132704027780846
UCI-489,18,1.0,Fused_Grassmann_GSMOTE,0.6375,0.049999999999999996,0.6348590934349448,0.049132704027780846
UCI-489,19,0.0,Adaptive_Subspace_Fusion,0.8375,0.046770717334674264,0.8348305152020323,0.0485987182843178
UCI-489,19,0.0,Fused_Grassmann_GSMOTE,0.8375,0.046770717334674264,0.8348305152020323,0.0485987182843178
UCI-489,19,0.5,Adaptive_Subspace_Fusion,0.8375,0.04238956239453292,0.8356676003734828,0.043174344708274894
UCI-489,19,0.5,Fused_Grassmann_GSMOTE,0.8375,0.04238956239453292,0.8356676003734828,0.043174344708274894
UCI-489,19,1.0,Adaptive_Subspace_Fusion,0.5875,0.07551903733496607,0.5700466853408029,0.08864488003441862
UCI-489,19,1.0,Fused_Grassmann_GSMOTE,0.5875,0.07551903733496607,0.5700466853408029,0.08864488003441862
PD-252,42,0.0,Adaptive_Subspace_Fusion,0.8084764926870189,0.036625573508699646,0.8038497429344111,0.02749744498031869
PD-252,42,0.0,Fused_Grassmann_GSMOTE,0.7660529963161543,0.035237802828856815,0.7572811811232864,0.028488500557168287
PD-252,42,0.5,Adaptive_Subspace_Fusion,0.8163110478899952,0.03996338723816011,0.8105297284536569,0.03394265348356816
PD-252,42,0.5,Fused_Grassmann_GSMOTE,0.7819847175110333,0.034602949146813375,0.7814457956347989,0.02808937824715298
PD-252,0,0.0,Adaptive_Subspace_Fusion,0.8069017397964766,0.015571701120909144,0.8101410106508379,0.019210635647379997
PD-252,0,0.0,Fused_Grassmann_GSMOTE,0.766978516978517,0.01224896003818861,0.760161154265085,0.016379344955210547
PD-252,42,1.0,Fused_Grassmann_GSMOTE,0.7266312871576031,0.04912792926627536,0.7341938418127614,0.04172472836073501
PD-252,42,1.0,Adaptive_Subspace_Fusion,0.6517780938833571,0.03225171883524718,0.6422825949636779,0.029377522132997897
PD-252,0,0.5,Adaptive_Subspace_Fusion,0.799209432104169,0.02238387762378168,0.80334214285197,0.024092039299676345
PD-252,0,0.5,Fused_Grassmann_GSMOTE,0.7544279096910675,0.01397921236671069,0.7559877257245678,0.015833064427320912
PD-252,0,1.0,Fused_Grassmann_GSMOTE,0.7189426268373637,0.02165254525715219,0.7266865833515384,0.017053368674887753
PD-252,0,1.0,Adaptive_Subspace_Fusion,0.6649697268118321,0.01506626288601417,0.6547239081268932,0.02290194705921935
PD-252,1,0.0,Adaptive_Subspace_Fusion,0.7691833533938798,0.04274656629558582,0.7651791331791331,0.04410802714081866
PD-252,1,0.0,Fused_Grassmann_GSMOTE,0.7373308531203268,0.04327128922233196,0.7091554722385189,0.03469510499437958
PD-252,1,1.0,Fused_Grassmann_GSMOTE,0.7073257467994309,0.04127252335289693,0.7185101346504854,0.041616546854094334
PD-252,1,1.0,Adaptive_Subspace_Fusion,0.6180927891454208,0.03929239693773894,0.6130521262673161,0.03737973939511674
PD-252,2,0.0,Adaptive_Subspace_Fusion,0.8123864755443704,0.03314795385086781,0.8125055025055026,0.029216785987123062
PD-252,2,0.0,Fused_Grassmann_GSMOTE,0.765827771090929,0.0323834496387475,0.7645899190109716,0.03231430837238172
PD-252,1,0.5,Adaptive_Subspace_Fusion,0.7672411277674436,0.03635842218697993,0.7701125251971934,0.03529414569021698
PD-252,1,0.5,Fused_Grassmann_GSMOTE,0.7382828172301857,0.04763585138178138,0.7274909774268845,0.042440153527927335
PD-252,2,0.5,Adaptive_Subspace_Fusion,0.8117454499033446,0.03712294441261168,0.8099941409872917,0.031106490200739797
PD-252,2,0.5,Fused_Grassmann_GSMOTE,0.7687329029434293,0.02713381925140881,0.7741827387811526,0.027036778366395273
PD-252,2,1.0,Fused_Grassmann_GSMOTE,0.7254841886420834,0.02123564685747858,0.7417996110170023,0.020182149376929328
PD-252,2,1.0,Adaptive_Subspace_Fusion,0.6636429952219426,0.02147758468578437,0.6651381980358316,0.020703382349939566
PD-252,3,0.0,Adaptive_Subspace_Fusion,0.7799941642046905,0.011105526460948355,0.7808132048132048,0.013897461147816733
PD-252,3,0.0,Fused_Grassmann_GSMOTE,0.7493079111500165,0.03610012756678181,0.7488670237018584,0.036003148416748745
PD-252,3,0.5,Adaptive_Subspace_Fusion,0.7902469270890323,0.009058918483217998,0.7920492661911716,0.01618038980192713
PD-252,3,0.5,Fused_Grassmann_GSMOTE,0.7358910529963161,0.026714384388470253,0.749546637936798,0.028706467249675155
PD-252,3,1.0,Fused_Grassmann_GSMOTE,0.6746972681183208,0.030701963510639623,0.6913778850453587,0.03496866912153872
PD-252,3,1.0,Adaptive_Subspace_Fusion,0.6382417842944159,0.03219594825956807,0.6327216374791987,0.029911798767565004
PD-252,4,0.0,Adaptive_Subspace_Fusion,0.7723729802677172,0.01668236215285239,0.7737198281408808,0.01661159869485795
PD-252,4,0.0,Fused_Grassmann_GSMOTE,0.7125852573220994,0.04084462849951522,0.7016084656084656,0.035153190539418185
PD-252,4,0.5,Adaptive_Subspace_Fusion,0.7751468067257541,0.013279426728253666,0.777761095935009,0.01318447509893875
PD-252,4,0.5,Fused_Grassmann_GSMOTE,0.7148493635335741,0.042900295175231945,0.7101188625805789,0.03800597316199741
PD-252,4,1.0,Fused_Grassmann_GSMOTE,0.7237781303570777,0.05220111521721526,0.7324486433107517,0.05352245321101788
PD-252,4,1.0,Adaptive_Subspace_Fusion,0.5972052011525696,0.039022118847950524,0.5811566951164782,0.0374000172076493
PD-252,5,0.0,Adaptive_Subspace_Fusion,0.788611992559361,0.02035008766274773,0.7870464102043049,0.02184535446166978
PD-252,5,0.0,Fused_Grassmann_GSMOTE,0.7568570594886384,0.018948236777688313,0.755456731735378,0.022171475286531035
PD-252,5,0.5,Adaptive_Subspace_Fusion,0.7803497829813619,0.01834050716078865,0.7821674455747194,0.025081236970296593
PD-252,5,0.5,Fused_Grassmann_GSMOTE,0.7621913411387096,0.03217833738346579,0.7616481775692303,0.03176671628477893
PD-252,5,1.0,Fused_Grassmann_GSMOTE,0.7109539701644965,0.02643185937832306,0.7264838220703869,0.02906845111619336
PD-252,5,1.0,Adaptive_Subspace_Fusion,0.638346646241383,0.029754082526301014,0.6234948355431836,0.028086045441211176
PD-252,6,0.0,Adaptive_Subspace_Fusion,0.7802786592260278,0.03716808918371749,0.7826622156238718,0.040252083090856115
PD-252,6,0.0,Fused_Grassmann_GSMOTE,0.7726693292482766,0.025487529726747376,0.7690193914829819,0.02625537334844778
PD-252,6,0.5,Adaptive_Subspace_Fusion,0.7851971404602984,0.033088609445951066,0.7843213323528987,0.036173538495904864
PD-252,6,0.5,Fused_Grassmann_GSMOTE,0.7706559798665061,0.04109397710119579,0.7778034561249663,0.044301233673077804
PD-252,6,1.0,Fused_Grassmann_GSMOTE,0.7101706970128022,0.048158197650755075,0.7283150150935154,0.05116413356677632
PD-252,6,1.0,Adaptive_Subspace_Fusion,0.649810336652442,0.04841252662198044,0.6386423655596166,0.048205130256836114
PD-252,7,0.0,Fused_Grassmann_GSMOTE,0.7674061713535397,0.02405735265217684,0.7579327990466893,0.021288379971512086
PD-252,7,0.0,Adaptive_Subspace_Fusion,0.7599162928110298,0.014353287305085062,0.7576889539191993,0.0048669695849929825
PD-252,7,0.5,Adaptive_Subspace_Fusion,0.7780036108983477,0.010218573805802836,0.7752135151558367,0.0056596178309209376
PD-252,7,0.5,Fused_Grassmann_GSMOTE,0.7627503009081956,0.020487253701625446,0.7671452157613903,0.015899763941786625
PD-252,7,1.0,Fused_Grassmann_GSMOTE,0.7008443666338403,0.03280262609734154,0.7122556060791354,0.03440770249792635
PD-252,7,1.0,Adaptive_Subspace_Fusion,0.6517671517671517,0.023997316928297808,0.6516339352138758,0.02533455564760561
PD-252,8,0.0,Adaptive_Subspace_Fusion,0.7791507094138673,0.031960002025422915,0.7748101106809737,0.03483063901611327
PD-252,8,0.0,Fused_Grassmann_GSMOTE,0.7538096801254695,0.014169583794158926,0.7449935198913025,0.011259634431136666
PD-252,8,1.0,Fused_Grassmann_GSMOTE,0.7180171061750009,0.022295928558520584,0.7296069143039061,0.02123130421149171
PD-252,8,1.0,Adaptive_Subspace_Fusion,0.5869414961520224,0.03764552536369394,0.5748174822090859,0.037348394119714426
PD-252,8,0.5,Adaptive_Subspace_Fusion,0.7745769048400628,0.028374535189998246,0.7793446935483548,0.03453053793364473
PD-252,8,0.5,Fused_Grassmann_GSMOTE,0.7460462486778277,0.020106101639902382,0.7375896917303704,0.014301168142325418
PD-252,9,0.0,Adaptive_Subspace_Fusion,0.7774227668964511,0.024384927783526515,0.779655739598061,0.019921617882031253
PD-252,9,0.0,Fused_Grassmann_GSMOTE,0.7518793084582558,0.020745499896787038,0.7460276314486841,0.014632034479097018
PD-252,9,0.5,Adaptive_Subspace_Fusion,0.7828281723018565,0.02825535232832068,0.7879890729313944,0.024305670014204434
PD-252,9,0.5,Fused_Grassmann_GSMOTE,0.7651794507057665,0.023856319875263328,0.766394671482246,0.020222060073415093
PD-252,9,1.0,Fused_Grassmann_GSMOTE,0.7254130648867491,0.02874603002584806,0.7401588214879354,0.025009668628189232
PD-252,9,1.0,Adaptive_Subspace_Fusion,0.6546832257358574,0.027413270975715633,0.6541526578990322,0.03158575722790473
PD-252,10,0.5,Adaptive_Subspace_Fusion,0.7677280519385782,0.017102798855749706,0.7777898773091398,0.01965064431438428
PD-252,10,0.5,Fused_Grassmann_GSMOTE,0.7395420724368094,0.04077211797573158,0.7370103801726284,0.035129787512372175
PD-252,10,0.0,Adaptive_Subspace_Fusion,0.7547014625961993,0.022608599853134674,0.7627538165612451,0.023733648105473012
PD-252,10,0.0,Fused_Grassmann_GSMOTE,0.7313737826895721,0.05007147085128059,0.7160808607599767,0.04261028395339816
PD-252,10,1.0,Fused_Grassmann_GSMOTE,0.7247045628624574,0.04494763458837202,0.7327318498345553,0.04511545213657541
PD-252,10,1.0,Adaptive_Subspace_Fusion,0.6215194952037058,0.04937031498280409,0.6083543369335693,0.045006060231854064
PD-252,11,0.0,Adaptive_Subspace_Fusion,0.7457271036218405,0.014872310445297514,0.7541261428539118,0.015512127607656976
PD-252,11,0.0,Fused_Grassmann_GSMOTE,0.7279589305905096,0.018962978043532037,0.7227484334539129,0.01896817858526773
PD-252,11,0.5,Fused_Grassmann_GSMOTE,0.7357706897180581,0.032233261797096575,0.739983116509383,0.03303384635041478
PD-252,11,0.5,Adaptive_Subspace_Fusion,0.7357478936426305,0.012522617395481089,0.7489694968396124,0.014897419209616798
PD-252,11,1.0,Fused_Grassmann_GSMOTE,0.7074679943100995,0.013408505875501913,0.7252162311372837,0.01627170172799048
PD-252,11,1.0,Adaptive_Subspace_Fusion,0.6219653864390706,0.03991690691566583,0.6102551609269489,0.03301910383772729
PD-252,12,0.0,Adaptive_Subspace_Fusion,0.7861117190064558,0.03316746073056759,0.7862095943126203,0.029761122907981604
PD-252,12,0.0,Fused_Grassmann_GSMOTE,0.7554437028121239,0.043369108120065086,0.7499220173933645,0.04463751171605596
PD-252,12,0.5,Adaptive_Subspace_Fusion,0.7960681329102381,0.03358036832465593,0.8031696110906636,0.03194645853391906
PD-252,12,0.5,Fused_Grassmann_GSMOTE,0.758622387569756,0.02858545713044116,0.7648087149826279,0.0317479923822218
PD-252,12,1.0,Fused_Grassmann_GSMOTE,0.7137241492504651,0.03465062493138307,0.7326991363179063,0.03914887629314385
PD-252,12,1.0,Adaptive_Subspace_Fusion,0.6202365320786374,0.041961465673705234,0.6218511488511489,0.04626646412362973
PD-252,13,0.0,Fused_Grassmann_GSMOTE,0.7644299157457052,0.022648759875373226,0.7503483674536306,0.021720642130997673
PD-252,13,0.0,Adaptive_Subspace_Fusion,0.7343463909253384,0.02658764276606291,0.7341084280688485,0.01561219298414403
PD-252,13,0.5,Adaptive_Subspace_Fusion,0.7760094102199366,0.035930576266345875,0.7693701137985107,0.023014694983557703
PD-252,13,0.5,Fused_Grassmann_GSMOTE,0.7308640624430098,0.015687128632334124,0.7303818755794401,0.011331055313860772
PD-252,13,1.0,Fused_Grassmann_GSMOTE,0.7150180544917386,0.014080473549544599,0.7327337695638585,0.01797128608823887
PD-252,13,1.0,Adaptive_Subspace_Fusion,0.6067832002042529,0.03237933168630754,0.5982896431926283,0.030454658281584952
PD-252,14,0.0,Adaptive_Subspace_Fusion,0.8025011853959223,0.023662552215550345,0.7975369819249346,0.02021348322358585
PD-252,14,0.0,Fused_Grassmann_GSMOTE,0.7704125177809388,0.04495469134511766,0.7582904397470951,0.049147323768143535
PD-252,14,0.5,Adaptive_Subspace_Fusion,0.789616843564212,0.023102810224023218,0.7845225866213978,0.024999247922926522
PD-252,14,0.5,Fused_Grassmann_GSMOTE,0.7738647554437028,0.034640456622971855,0.7755350971824682,0.031060350232217877
PD-252,14,1.0,Fused_Grassmann_GSMOTE,0.6938715030820294,0.035103370100225254,0.7043405765993185,0.032533276819172154
PD-252,14,1.0,Adaptive_Subspace_Fusion,0.6707161615056352,0.031010471077785175,0.6590840191912005,0.02440750140246019
PD-252,15,0.0,Adaptive_Subspace_Fusion,0.7813436918700077,0.04102157573352854,0.7780782738665678,0.03197402651188465
PD-252,15,0.0,Fused_Grassmann_GSMOTE,0.749682678630047,0.033913612163388424,0.737728462112363,0.027251131148138156
PD-252,15,0.5,Adaptive_Subspace_Fusion,0.7942991574570522,0.04213004144510721,0.7921517400401468,0.03098797150023322
PD-252,15,0.5,Fused_Grassmann_GSMOTE,0.7523625852573221,0.04495221348631458,0.74919416451167,0.03743993832653834
PD-252,15,1.0,Fused_Grassmann_GSMOTE,0.7085439690702848,0.03929615000336794,0.7169096117717444,0.03682631906236034
PD-252,15,1.0,Adaptive_Subspace_Fusion,0.6410265528686582,0.0336408525816268,0.6388374447070099,0.03656315973590436
PD-252,16,0.5,Adaptive_Subspace_Fusion,0.7933882262829631,0.03440311996358477,0.7834692213688026,0.02679051699067905
PD-252,16,0.5,Fused_Grassmann_GSMOTE,0.76282142466353,0.03902092382860311,0.7672368255279649,0.038808605961550224
PD-252,16,0.0,Adaptive_Subspace_Fusion,0.7935195316774265,0.04816232771646819,0.7885791830002356,0.04615775856768425
PD-252,16,0.0,Fused_Grassmann_GSMOTE,0.7751586606849764,0.035074308116852256,0.7719775507029512,0.03425844594081976
PD-252,16,1.0,Fused_Grassmann_GSMOTE,0.699562315351789,0.03332874499244584,0.7119649241769519,0.03505311448453035
PD-252,16,1.0,Adaptive_Subspace_Fusion,0.6558531203268045,0.02971628159024088,0.6401264457974376,0.020234439323699
PD-252,17,0.0,Adaptive_Subspace_Fusion,0.7667423496370864,0.02625857003305349,0.7685154269655727,0.019255902436569838
PD-252,17,0.0,Fused_Grassmann_GSMOTE,0.7322245322245322,0.03993623904989392,0.7266725316227707,0.03581206990799259
PD-252,17,0.5,Adaptive_Subspace_Fusion,0.7744346573293942,0.030655522812764437,0.774608440377319,0.021419803086219973
PD-252,17,0.5,Fused_Grassmann_GSMOTE,0.7404639457271036,0.03454073425641959,0.7435390106444505,0.03000282277838614
PD-252,17,1.0,Fused_Grassmann_GSMOTE,0.7049075391180655,0.030559521268231905,0.7185953850064486,0.02978580397257496
PD-252,17,1.0,Adaptive_Subspace_Fusion,0.6377885983149142,0.0370340374388895,0.6231176240893853,0.03251033257245304
PD-252,18,0.0,Adaptive_Subspace_Fusion,0.7834053689316847,0.03919821477620374,0.7830215073372967,0.032556464330355445
PD-252,18,0.0,Fused_Grassmann_GSMOTE,0.7332293832293832,0.03900401800342208,0.7233342543909261,0.034777276464798404
PD-252,18,0.5,Adaptive_Subspace_Fusion,0.7886685268264215,0.04661294416291948,0.7922742067673575,0.04375687032889968
PD-252,18,0.5,Fused_Grassmann_GSMOTE,0.7416001021264179,0.039107520471657026,0.7452530464614469,0.03671268304372282
PD-252,18,1.0,Fused_Grassmann_GSMOTE,0.7140095561148192,0.02781067791577359,0.7325252505107801,0.026492598062653003
PD-252,18,1.0,Adaptive_Subspace_Fusion,0.6393779406937302,0.03655511647353623,0.6330685788015705,0.03252301635090933
PD-252,19,0.0,Adaptive_Subspace_Fusion,0.802362585257322,0.03261088377355485,0.793969212390265,0.027363684449340793
PD-252,19,0.0,Fused_Grassmann_GSMOTE,0.7738911988911988,0.03249677491736622,0.7613725347358444,0.026294683358721736
PD-252,19,0.5,Adaptive_Subspace_Fusion,0.8127575956523325,0.0339000851419905,0.8039959607767827,0.028539090510384668
PD-252,19,0.5,Fused_Grassmann_GSMOTE,0.7430280482912061,0.030786602333374855,0.7461215535895327,0.025320799672746787
PD-252,19,1.0,Fused_Grassmann_GSMOTE,0.7332512674617938,0.043278705940602166,0.7460592911033197,0.041257832051451775
PD-252,19,1.0,Adaptive_Subspace_Fusion,0.6369752343436554,0.026226244345629392,0.6270469381558907,0.021003707989561807
